Product_ID,Product_Name,Supplier_ID,Supplier_Name,Stock_Quantity,Reorder_Level,Reorder_Quantity,Unit_Price,Last_Order_Date,Sales_Volume,Inventory_Turnover_Rate
29-205-1132,Sushi Rice,38-037-1699,Jaxnation,22,72,70,$4.50,6/29/2024,32,19
40-681-9981,Arabica Coffee,54-470-2479,Feedmix,45,77,2,$20.00,5/29/2024,85,1
06-955-3428,Black Rice,54-031-2945,Vinder,30,38,83,$6.00,6/10/2024,31,34
71-594-6552,Long Grain Rice,63-492-7603,Brightbean,12,59,62,$1.50,2/19/2025,95,99
57-437-1828,Plum,54-226-4308,Topicstorm,37,30,74,$4.00,10/11/2024,62,25
21-120-6238,All-Purpose Flour,86-292-4587,Dabjam,55,33,14,$1.75,5/26/2024,34,62
71-516-1996,Corn Oil,04-391-7610,Tagfeed,96,52,16,$2.50,5/7/2024,67,13
39-629-5554,Egg (Goose),67-679-4930,Muxo,44,90,17,$2.50,4/9/2024,21,91
66-268-8345,Greek Yogurt,32-182-1895,Thoughtstorm,91,84,11,$3.00,6/2/2024,56,90
46-452-9419,Egg (Duck),67-137-4215,Wordify,43,10,15,$1.00,11/14/2024,27,69
51-469-4611,Long Grain Rice,62-029-0827,Fivebridge,62,81,91,$1.60,5/24/2024,100,42
42-220-9305,White Sugar,56-092-7992,Zooxo,91,98,6,$2.00,12/11/2024,100,20
75-094-1179,Rye Bread,57-615-0729,Vitz,26,79,31,$3.00,2/9/2025,47,41
11-073-0189,Plum,75-190-3627,Voomm,95,50,76,$4.00,9/21/2024,69,5
22-621-2774,Strawberries,70-901-6191,Babblestorm,54,26,16,$6.00,6/30/2024,63,97
39-449-0772,Feta Cheese,84-504-7617,Youfeed,94,13,15,$7.00,4/2/2024,20,24
55-936-2406,Bread Flour,29-689-5014,Mynte,27,93,88,$1.50,3/9/2024,66,13
82-041-7211,Swiss Cheese,03-615-0558,Reallinks,49,49,26,$8.00,5/19/2024,78,61
48-414-6162,Arabica Coffee,10-060-8515,Skivee,55,93,84,$20.00,11/8/2024,46,84
76-854-0095,White Sugar,38-883-3382,Mydeo,65,61,82,$2.00,2/8/2025,29,11
25-349-7974,Spinach,82-737-6019,Devshare,72,70,99,$2.50,5/28/2024,82,32
66-627-9752,Trout,87-839-6400,Jabbertype,49,73,48,$12.00,10/1/2024,52,62
78-614-4402,Green Beans,51-014-4287,Gigazoom,81,99,28,$2.00,2/14/2025,20,85
67-025-1245,Cabbage,28-575-0716,Chatterbridge,88,46,55,$1.00,3/6/2024,73,63
68-418-6724,Parmesan Cheese,75-465-6257,Feedspan,63,4,85,$12.00,1/13/2025,59,71
40-795-0753,Raw Sugar,47-183-4911,Mydo,31,43,80,$1.50,2/22/2025,46,78
02-508-3777,Egg (Quail),69-933-2582,Realpoint,97,88,81,$0.80,7/7/2024,97,18
79-741-0770,Mushrooms,67-771-7656,Photospace,72,87,39,$6.00,2/24/2025,94,57
31-211-5803,Oatmeal Biscuit,75-503-9347,Gigazoom,16,9,32,$5.00,8/21/2024,50,98
16-499-5059,Pear,09-090-6360,Centizu,77,20,5,$4.50,11/19/2024,61,62
76-340-4432,Cucumber,79-915-4185,Brainverse,19,36,72,$1.75,3/28/2024,31,81
38-732-7667,Pineapple,88-663-3393,Photojam,18,52,22,$3.50,10/13/2024,42,32
04-240-2226,Olive Oil,65-842-6819,Kamba,47,48,73,$6.00,6/28/2024,42,51
79-136-9840,Herbal Tea,07-809-0926,Pixonyx,77,45,75,$30.00,8/19/2024,25,37
73-401-5721,Haddock,38-622-5251,Midel,46,28,73,$9.00,10/28/2024,65,57
91-848-0606,Onion,68-836-0350,Skyble,39,22,73,$2.00,7/23/2024,60,2
54-109-8062,Sushi Rice,04-726-3363,Linklinks,75,69,100,$4.50,1/19/2025,43,18
70-612-2531,Pineapple,94-217-4781,Flipbug,48,48,39,$3.45,1/25/2025,51,50
26-161-6692,Zucchini,61-796-7912,Kare,61,90,26,$2.50,9/7/2024,79,84
43-893-5408,Short Grain Rice,25-414-2945,Snaptags,60,90,85,$3.00,3/20/2024,47,9
11-316-8405,Mango,50-918-1373,Twitternation,24,55,51,$5.00,2/24/2025,39,15
34-086-3222,Lemon,34-017-9457,Layo,12,7,48,$2.30,12/25/2024,66,4
21-816-1004,Black Coffee,68-482-4786,Realpoint,84,13,88,$15.00,12/4/2024,25,34
43-693-2092,Butter,19-469-9841,Kayveo,51,100,70,$3.00,10/21/2024,40,21
63-270-7076,Multigrain Bread,85-532-0172,Roombo,65,36,37,$3.50,6/12/2024,32,70
90-230-9767,Long Grain Rice,70-515-9048,Voonyx,67,88,32,$1.50,5/1/2024,66,42
05-334-2923,Bread Flour,41-772-6271,Browsezoom,14,74,71,$1.50,11/22/2024,37,22
52-481-5224,Kiwi,46-382-2024,Fiveclub,45,24,61,$6.00,2/7/2025,44,34
11-325-7396,Mango,98-940-7545,Skipfire,92,46,13,$5.00,10/18/2024,24,75
70-854-6891,Sourdough Bread,79-575-9351,Flashspan,41,84,90,$4.00,11/28/2024,42,65
46-520-1819,Short Grain Rice,10-762-7936,Katz,41,36,78,$4.50,10/4/2024,38,75
91-105-7317,Orange,84-047-0017,Devshare,85,45,71,$3.00,12/28/2024,95,72
40-751-8635,Pineapple,48-878-3021,Yamia,44,80,84,$3.40,10/17/2024,96,68
02-920-4829,White Bread,41-587-4864,Skyble,92,87,84,$2.50,6/14/2024,61,31
36-918-2937,Green Coffee,53-844-0478,Kwinu,62,89,18,$12.00,2/12/2025,35,36
68-761-6907,Zucchini,31-199-3683,Brainverse,26,18,62,$2.50,7/21/2024,57,86
69-468-5468,Sourdough Bread,37-099-6976,Vinte,59,78,6,$4.50,6/10/2024,32,3
27-635-8394,Orange,87-893-6089,Twitterwire,88,37,61,$2.90,11/13/2024,63,35
41-729-5410,Sardines,71-727-8611,Ntag,91,59,49,$6.00,4/5/2024,30,63
33-335-9140,Olive Oil,08-209-1598,Blogspan,28,17,28,$6.00,8/20/2024,38,25
11-581-9869,Carrot,22-867-3079,Avaveo,51,60,98,$1.50,12/12/2024,44,95
78-237-0277,Black Tea,50-314-5433,Brainbox,46,27,76,$5.00,9/23/2024,64,96
75-152-8731,Pear,05-593-1927,Voonix,82,65,69,$4.45,11/12/2024,30,78
65-718-0492,Olive Oil,91-492-8216,Midel,100,92,26,$6.00,1/23/2025,84,9
55-697-5242,Ricotta Cheese,74-726-0855,Shufflebeat,51,53,88,$6.00,6/30/2024,54,59
14-844-4138,Black Coffee,90-534-2165,Flipbug,61,43,29,$15.00,10/25/2024,67,6
20-225-3930,White Tea,73-069-2753,Skipstorm,99,87,10,$25.00,2/29/2024,93,70
66-993-4234,Cucumber,15-852-0491,Gigazoom,13,60,100,$1.80,1/16/2025,44,32
87-762-1317,Mozzarella Cheese,58-474-3510,Dazzlesphere,45,63,75,$7.00,11/20/2024,83,5
81-844-2979,Broccoli,02-575-7332,Realblab,73,87,46,$4.00,1/15/2025,47,67
44-408-7594,Eggplant,08-828-3804,Eire,39,21,5,$3.00,5/1/2024,51,98
26-010-9519,Trout,28-837-4164,Blogtag,29,72,96,$12.00,11/26/2024,85,52
65-464-5070,Heavy Cream,01-517-7793,Ntags,12,60,73,$4.00,3/16/2024,20,35
07-970-9352,Bell Pepper,14-724-4622,Tagtune,96,33,72,$4.45,5/16/2024,74,100
88-746-9468,Onion,06-159-1957,Skiba,35,92,74,$2.00,2/3/2025,76,32
06-336-5482,Sardines,99-784-4391,Voolia,89,34,15,$6.00,3/8/2024,60,2
03-276-3931,Mango,42-224-8186,Oyoloo,60,36,28,$4.50,9/18/2024,26,29
39-232-5341,Arborio Rice,23-319-2681,Feedmix,20,34,74,$4.50,10/24/2024,50,83
12-239-9399,Potato,53-584-1853,Tagtune,28,40,27,$1.20,7/29/2024,30,56
75-080-4909,Corn Oil,34-726-5887,Tagopia,20,55,15,$2.50,4/12/2024,86,61
70-815-4015,Butter Biscuit,89-134-9717,Ozu,38,93,61,$6.00,7/15/2024,67,100
11-032-9778,Peas,42-380-8881,Edgepulse,99,1,4,$3.00,1/27/2025,50,53
54-374-9986,Cream,33-818-4917,Oyondu,92,52,80,$2.50,10/22/2024,72,96
77-312-6317,Spinach,12-950-4397,Abatz,41,29,76,$2.40,9/13/2024,59,4
13-844-2178,Sardines,66-832-1802,Browsetype,44,67,48,$6.00,9/21/2024,90,11
22-141-9798,White Sugar,59-849-9942,Photobean,47,7,63,$2.00,9/20/2024,29,20
20-022-3173,Bread Flour,54-188-1006,Mydeo,21,63,65,$1.50,11/10/2024,38,73
26-177-5690,Cucumber,06-708-1412,Skinte,85,33,50,$1.80,7/15/2024,64,38
70-871-4536,Swiss Cheese,72-514-7323,Cogilith,29,4,17,$8.00,11/13/2024,59,52
06-611-5454,Peanut Oil,43-786-9229,Bluezoom,64,21,13,$4.00,10/11/2024,51,26
89-543-3456,Blueberries,23-178-8962,Jaloo,66,40,96,$10.00,6/22/2024,24,61
82-395-5070,Chocolate Biscuit,01-801-9502,Vidoo,75,81,17,$5.00,2/17/2025,69,38
14-305-5348,Cheese,71-092-6845,Shuffledrive,53,63,2,$9.00,10/12/2024,56,95
82-243-3180,Palm Oil,18-631-1458,Zooxo,43,63,80,$1.80,7/31/2024,33,96
25-010-9478,Eggplant,24-576-3402,Topicblab,74,30,24,$3.00,10/13/2024,82,12
13-202-4809,Garlic,24-281-7685,Katz,27,22,89,$7.00,7/28/2024,91,77
67-270-7464,Jasmine Rice,83-960-5274,Yadel,91,73,77,$4.75,8/24/2024,51,49
11-733-1756,Rice Flour,27-970-8649,Mynte,52,81,53,$2.00,11/27/2024,95,88
80-988-4653,Zucchini,02-272-0535,Livetube,43,66,85,$2.50,9/14/2024,66,65
60-343-7973,Multigrain Bread,06-303-4127,Zoombox,56,86,23,$3.20,4/29/2024,67,56
34-861-4446,Ricotta Cheese,40-696-4237,Photobug,66,40,8,$6.00,1/18/2025,43,49
67-710-5120,Bread Flour,00-131-9278,Skynoodle,84,92,18,$1.50,12/29/2024,92,69
49-891-4927,Cottage Cheese,89-155-3471,Midel,37,5,1,$5.00,2/26/2024,68,99
55-522-8242,Whipped Cream,48-884-5431,Feedbug,29,36,40,$4.00,3/30/2024,60,96
62-509-0666,Almond Flour,16-419-1419,Brainverse,13,88,7,$9.50,5/15/2024,24,21
64-478-4745,Lemon,36-780-8625,Mydo,63,81,94,$2.50,4/20/2024,56,2
35-835-5591,Tilapia,54-876-4296,Fiveclub,95,63,73,$7.00,6/5/2024,61,38
26-690-3784,Lettuce,70-463-6597,Fadeo,58,5,1,$2.00,10/14/2024,53,80
67-546-1568,Peanut Oil,10-038-3988,Edgeify,57,36,53,$4.00,6/16/2024,56,32
67-625-9704,Sardines,13-475-1009,Eayo,33,18,92,$6.00,9/26/2024,98,56
31-969-4614,Arabica Coffee,83-104-8425,Voomm,62,89,6,$20.00,6/6/2024,23,11
50-364-5828,Coconut,17-239-6309,Mydo,89,57,92,$5.00,6/14/2024,38,16
61-827-4098,Cod,34-850-0377,Devbug,23,42,87,$8.00,7/15/2024,63,5
87-698-0944,Banana,73-717-0190,Vinder,56,12,59,$98.43,8/27/2024,35,16
36-636-4873,Black Rice,11-098-3982,Wikivu,86,100,74,$6.10,1/17/2025,80,94
98-556-5323,Pomegranate,21-490-8051,Dynabox,60,61,2,$6.00,8/12/2024,96,50
97-772-2336,Pineapple,19-704-4404,Rooxo,70,30,69,$3.50,2/3/2025,44,42
19-047-4239,Peach,11-146-9880,Quire,47,72,73,$4.00,3/30/2024,93,27
41-316-8427,Arborio Rice,75-867-3635,Realcube,95,93,16,$4.50,9/6/2024,60,19
15-907-3681,Plum,72-931-9828,Brainsphere,20,42,21,$3.85,1/27/2025,61,25
14-305-9690,Sushi Rice,13-457-9946,Dabshots,19,17,14,$4.30,6/29/2024,58,23
40-860-4532,Arabica Coffee,73-625-5112,Yadel,74,72,18,$21.00,2/27/2024,83,54
44-552-3909,Pear,80-863-1186,Riffwire,61,50,9,$4.50,2/26/2024,24,92
75-029-9003,Sourdough Bread,61-917-4271,Eadel,34,42,86,$4.00,10/7/2024,28,23
74-587-2065,Pear,33-141-1402,Gigaclub,29,20,85,$4.50,2/20/2025,31,31
70-149-6756,Heavy Cream,97-150-9199,Skynoodle,14,99,97,$4.20,1/6/2025,28,45
29-896-7926,White Rice,86-400-4155,Centidel,20,20,56,$1.80,6/1/2024,62,69
54-822-9009,Cauliflower,23-197-9965,Shufflester,40,38,32,$3.20,6/8/2024,21,45
84-075-7647,Canola Oil,95-889-8592,Mydeo,91,82,58,$2.30,10/21/2024,43,45
88-602-8210,Avocado Oil,26-411-9126,Skajo,99,96,39,$10.00,6/19/2024,94,89
04-542-3863,Bread Flour,55-952-9832,Eidel,34,46,45,$1.50,12/11/2024,49,25
57-613-5779,Gouda Cheese,29-009-9132,Thoughtblab,100,21,64,$7.00,3/11/2024,20,13
90-737-0044,Black Rice,39-339-3869,Bubblemix,79,98,97,$6.00,1/17/2025,26,21
28-956-1320,Greek Yogurt,01-445-8931,Thoughtblab,62,2,98,$3.00,10/18/2024,50,11
87-791-5803,Tuna,89-843-0880,Meemm,25,44,96,$18.00,3/9/2024,36,16
14-521-4167,Buttermilk,68-609-1972,Vinder,47,2,76,$2.50,6/29/2024,48,36
51-572-5497,Orange,43-035-3382,Kanoodle,15,44,88,$3.00,2/13/2025,56,12
28-840-6096,Pomegranate,15-444-8224,Flipopia,19,65,48,$6.00,2/14/2025,59,53
44-538-3366,Tuna,33-898-6242,Realbridge,58,77,96,$18.00,4/17/2024,25,17
51-459-5630,Sour Cream,29-567-3732,Skyvu,11,30,4,$4.00,9/29/2024,84,4
02-655-3240,Rice Flour,95-200-1972,Jabberstorm,99,44,52,$2.00,5/21/2024,36,2
42-887-6557,Long Grain Rice,49-092-2735,Geba,26,82,19,$1.50,7/10/2024,76,88
96-316-7600,Bell Pepper,76-671-7104,Linklinks,70,31,55,$4.50,7/27/2024,23,80
58-063-8633,Bell Pepper,21-932-5200,Skimia,50,3,88,$4.50,6/30/2024,69,73
43-703-9939,Pineapple,69-928-4929,Bubblemix,55,91,35,$3.50,5/22/2024,81,19
88-069-5486,Cod,95-878-1614,Buzzshare,31,87,19,$8.00,7/13/2024,41,10
74-845-3299,Green Tea,21-792-1000,Oyoyo,63,92,26,$8.00,2/12/2025,93,99
81-605-6246,Sardines,62-086-0407,Shufflester,73,31,49,$6.00,3/2/2024,22,47
73-561-2867,Sourdough Bread,60-386-5077,Eayo,12,86,98,$4.00,6/29/2024,75,86
19-967-0632,Short Grain Rice,90-445-1753,Yombu,53,86,54,$3.00,2/4/2025,44,3
23-070-2433,Powdered Sugar,82-235-9317,Meeveo,68,7,37,$2.50,4/11/2024,69,1
27-262-2437,Swiss Cheese,05-181-2682,Skidoo,80,9,29,$8.10,11/20/2024,54,62
39-479-5147,Tuna,02-156-7270,Meedoo,92,68,79,$18.00,8/18/2024,40,57
71-085-4290,Cucumber,26-593-3478,Eire,31,98,72,$1.80,10/7/2024,91,29
48-957-6116,Eggplant,34-334-6888,Topicstorm,31,44,9,$3.00,5/16/2024,46,9
83-917-7384,Garlic,84-923-5086,Tavu,76,97,20,$7.00,8/24/2024,52,82
26-031-8070,Vegetable Oil,11-096-4003,Trudeo,57,99,23,$2.00,5/25/2024,89,21
03-149-9760,Whipped Cream,08-141-2402,Yotz,92,99,93,$4.00,7/13/2024,43,90
53-680-5293,Cheddar Cheese,47-732-4446,Demizz,88,74,97,$9.00,5/31/2024,79,5
49-861-7823,Coconut,22-152-0111,Skippad,99,8,27,$5.00,7/13/2024,41,50
24-364-3341,Egg (Turkey),13-290-8513,Topiclounge,44,84,63,$2.50,4/11/2024,51,67
80-374-5711,Herbal Tea,77-566-9826,Browsecat,48,77,81,$31.00,10/5/2024,70,74
76-325-9093,Sesame Oil,67-922-3399,Feedbug,27,92,56,$6.50,10/19/2024,29,32
30-429-2162,Black Rice,05-100-7102,Npath,34,96,76,$6.15,12/6/2024,90,34
53-446-8243,Orange,51-666-7174,Skipfire,41,94,4,$3.00,7/26/2024,88,92
67-473-7093,Black Tea,92-830-6986,Topicstorm,56,12,85,$5.00,3/20/2024,52,46
98-235-2711,Asparagus,23-052-4744,Devpoint,22,40,7,$5.00,12/31/2024,98,60
07-219-8017,Palm Oil,95-148-9287,Skibox,40,2,58,$1.80,8/13/2024,71,10
97-040-3822,Swiss Cheese,78-459-1417,Gevee,50,99,73,$8.00,8/23/2024,42,1
10-002-6494,Mango,47-509-7282,Meevee,89,92,62,$4.80,7/8/2024,46,11
12-998-3882,Egg (Turkey),06-151-9076,Bluezoom,76,54,76,$2.50,8/17/2024,69,27
31-746-4951,Whole Wheat Flour,70-212-0990,Gigaclub,67,60,21,$2.75,5/20/2024,30,6
87-097-5691,Robusta Coffee,26-213-7885,Photofeed,62,78,97,$10.00,8/29/2024,62,97
34-075-0371,Watermelon,32-771-2617,Latz,75,10,68,$3.00,1/10/2025,90,42
40-810-9261,Green Coffee,56-554-1762,Cogibox,75,47,33,$12.50,12/9/2024,33,12
46-931-6897,Cream,22-946-8052,Meevee,29,32,26,$2.50,6/15/2024,64,85
58-182-6781,Oatmeal Biscuit,75-328-1709,Pixope,34,55,22,$5.00,6/29/2024,77,85
06-706-6490,Green Tea,85-670-6379,Tanoodle,15,66,85,$8.00,7/3/2024,60,40
47-578-4161,Anchovies,96-001-5429,Jaxspan,88,56,81,$10.00,3/10/2024,98,86
18-199-5799,Cheddar Cheese,76-870-2139,Jayo,40,81,40,$9.00,4/28/2024,40,48
00-357-2313,Avocado Oil,93-619-6639,Quamba,10,86,23,$10.00,11/26/2024,24,52
83-704-6367,Arabica Coffee,41-628-8713,Feedmix,21,87,12,$21.00,9/2/2024,20,38
01-144-5960,Trout,80-848-7493,Zazio,75,25,99,$12.00,5/29/2024,89,42
96-774-0457,Cod,71-991-5737,Izio,56,50,80,$8.00,3/12/2024,99,5
24-310-9184,Rye Bread,69-378-2045,Brainlounge,69,65,91,$3.00,7/26/2024,98,50
10-255-8579,Basmati Rice,29-112-1577,Trilia,56,53,77,$4.50,7/24/2024,69,69
38-417-4656,White Sugar,57-202-5756,Dazzlesphere,24,69,2,$2.00,4/13/2024,20,20
53-080-8252,Sourdough Bread,73-744-7022,Thoughtstorm,30,85,21,$4.50,9/24/2024,32,83
14-681-7035,White Tea,01-308-0960,Voolith,36,90,57,$25.00,8/7/2024,35,68
96-503-7712,White Bread,97-325-5889,Twitterbridge,93,76,82,$2.50,7/28/2024,76,51
98-064-4465,Mozzarella Cheese,93-719-9817,Feedfire,96,38,17,$7.00,10/1/2024,72,84
84-198-7276,Peanut Oil,34-158-6684,Eidel,60,88,65,$4.00,1/16/2025,94,15
18-278-2383,Gouda Cheese,73-210-4267,Skimia,97,77,13,$7.00,9/15/2024,43,40
20-054-3716,Chocolate Biscuit,49-591-1019,JumpXS,11,6,100,$5.00,9/16/2024,88,24
63-822-5278,Pomegranate,27-636-1606,Kamba,14,66,1,$6.00,12/13/2024,86,15
01-439-6231,Sunflower Oil,08-490-1714,Skidoo,88,100,17,$2.50,10/28/2024,25,28
06-690-2335,Jasmine Rice,66-317-4895,Jabbertype,24,15,6,$4.75,6/16/2024,35,4
47-554-5780,Haddock,62-979-5038,Babbleopia,93,62,65,$9.00,6/22/2024,78,87
70-587-1204,Black Rice,41-399-9203,Reallinks,68,68,97,$6.00,7/15/2024,37,31
97-710-2449,Rye Bread,39-676-9308,Tanoodle,28,94,80,$2.80,1/23/2025,31,1
51-462-0747,Lime,40-417-9838,Vinder,21,30,32,$2.00,2/7/2025,43,54
90-492-0564,Pomegranate,18-085-1667,Shuffledrive,92,96,56,$6.00,6/25/2024,32,22
63-956-0739,Robusta Coffee,17-123-1252,Jetwire,68,12,42,$10.00,2/21/2025,39,6
30-832-5429,Multigrain Bread,41-800-2842,Topicshots,46,43,46,$3.50,10/5/2024,68,59
38-822-8005,Cucumber,45-886-1540,Innojam,47,20,65,$1.75,1/12/2025,49,19
73-118-1117,Olive Oil,55-557-8544,Layo,52,88,55,$6.00,5/5/2024,100,46
60-285-3783,Mushrooms,58-827-9061,Youfeed,51,62,95,$6.00,3/28/2024,52,21
00-215-7434,Egg (Goose),85-272-3969,Quatz,14,63,74,$2.50,2/19/2025,59,63
68-734-1585,Greek Yogurt,54-537-5633,Meeveo,62,44,11,$51.17,4/16/2024,92,37
08-703-1382,Peach,29-975-3449,Wikizz,40,53,7,$4.00,3/6/2024,70,20
65-282-0419,White Tea,85-932-1011,Feedbug,50,100,91,$25.50,7/17/2024,29,31
62-777-6010,Sushi Rice,40-914-7156,Katz,77,20,37,$4.25,3/6/2024,42,19
87-675-1506,Strawberries,21-697-8128,Skalith,31,89,7,$5.90,12/7/2024,46,54
67-027-7269,Mushrooms,50-050-5707,Twitterbeat,35,19,30,$6.50,11/30/2024,88,6
72-066-4597,Broccoli,97-994-0773,Zoovu,31,54,52,$4.00,12/8/2024,69,77
31-627-6025,White Bread,17-084-8551,Ozu,56,62,64,$2.50,9/3/2024,56,73
09-286-8107,Greek Yogurt,90-727-4816,Skyndu,90,62,54,$3.00,9/7/2024,70,83
77-013-1553,Canola Oil,42-252-5861,Yodo,79,31,66,$2.30,10/13/2024,92,13
15-762-1058,Lime,32-914-1424,Tazz,29,83,91,$2.00,2/7/2025,81,53
48-193-1199,Canola Oil,63-924-5144,Omba,46,51,92,$2.30,12/24/2024,47,25
01-173-0029,Blueberries,18-880-7910,DabZ,42,4,53,$10.00,7/5/2024,37,53
79-400-6216,Mozzarella Cheese,83-361-7509,Devpoint,16,56,13,$7.20,3/10/2024,56,28
80-072-8774,Tuna,61-222-8413,Viva,89,95,41,$18.00,7/6/2024,76,96
78-689-8958,White Tea,52-744-6162,Chatterbridge,20,43,43,$25.00,2/27/2024,73,6
57-562-2358,Black Coffee,22-644-6447,Quamba,37,94,76,$15.00,1/19/2025,94,66
56-191-6497,Bread Flour,65-395-5947,Bubblebox,97,41,68,$1.50,10/4/2024,35,16
46-753-8430,Feta Cheese,35-042-9391,Rhynyx,98,77,7,$7.00,11/19/2024,92,29
48-461-3742,Kiwi,78-381-5054,Zooveo,37,8,50,$6.00,5/17/2024,47,62
16-354-8122,Digestive Biscuit,61-604-8116,BlogXS,97,99,96,$4.00,1/22/2025,57,42
76-954-1442,Arabica Coffee,68-200-8955,Mynte,97,77,99,$20.00,4/24/2024,74,98
44-476-0390,Lemon,48-562-3582,Flashspan,90,92,56,$2.50,4/27/2024,71,13
35-617-3857,Arabica Coffee,90-718-2724,Youspan,46,31,89,$20.00,3/21/2024,59,65
94-029-2717,Broccoli,37-878-9392,Jetpulse,40,8,98,$4.00,2/6/2025,86,12
49-526-7806,Kale,66-973-4855,Yodoo,77,52,28,$4.00,11/19/2024,48,43
99-137-1730,Bread Flour,65-797-3468,Skyndu,62,79,23,$1.50,2/28/2024,32,80
27-442-3654,Herbal Tea,57-544-2465,Yoveo,59,17,1,$30.00,8/26/2024,69,82
32-933-0329,Blueberries,86-760-5412,Linklinks,23,38,54,$10.00,7/14/2024,40,15
93-813-2419,Digestive Biscuit,12-264-4503,Dynabox,39,16,57,$4.00,4/9/2024,98,12
85-440-3667,Gouda Cheese,00-680-5333,Kamba,68,29,31,$7.00,6/3/2024,53,20
77-224-2227,Almond Flour,89-226-5813,Eimbee,75,46,75,$9.50,9/30/2024,43,77
60-632-8752,Chocolate Biscuit,07-948-8632,Trunyx,96,16,48,$5.00,4/4/2024,45,68
99-561-4871,Haddock,04-786-5408,Buzzdog,17,38,93,$9.00,8/20/2024,100,63
61-607-7622,Egg (Duck),77-175-2969,Zoonoodle,23,38,25,$1.00,2/21/2025,84,78
11-745-3025,Peach,54-711-1582,Oyoloo,15,27,21,$4.00,2/21/2025,37,67
56-810-0550,Mackerel,94-145-9423,Janyx,71,7,6,$7.50,12/2/2024,52,68
59-075-2457,Egg (Goose),18-733-2453,Dynava,97,26,15,$2.50,2/3/2025,33,58
40-021-2400,Zucchini,62-648-2577,Katz,29,18,86,$2.50,11/16/2024,53,69
29-017-6255,Bell Pepper,43-348-2450,Eimbee,46,64,17,$4.60,1/6/2025,96,55
92-291-7089,Cheese,08-523-5066,Jaxspan,76,15,99,$9.50,7/26/2024,60,49
69-287-9113,Zucchini,20-952-0731,Jaxspan,59,91,24,$2.50,6/29/2024,54,87
76-540-6407,Orange,78-644-5877,Demimbu,92,54,73,$3.10,1/17/2025,79,1
85-561-4694,Kiwi,57-486-8971,Tazz,28,27,22,$6.00,8/15/2024,70,30
34-928-2775,Coconut,07-959-3210,Browseblab,19,47,25,$5.00,2/24/2025,96,37
90-773-9557,Butter,02-165-5779,Npath,85,28,21,$3.00,6/30/2024,45,89
57-394-1587,Bread Flour,59-595-7531,Roomm,57,63,41,$1.50,2/17/2025,53,94
28-008-2951,Broccoli,64-118-1480,Buzzster,95,29,28,$4.00,1/16/2025,52,46
74-711-7160,Sushi Rice,40-662-8853,Meembee,84,69,77,$4.50,12/28/2024,39,69
22-895-6595,Rice Flour,18-445-5057,Topicblab,31,32,69,$2.00,6/4/2024,38,23
19-214-5762,Pear,88-108-3774,Gigashots,41,52,75,$4.50,4/24/2024,57,62
95-349-0828,Feta Cheese,43-977-2343,Avaveo,97,57,84,$7.00,8/29/2024,95,28
00-963-2193,Milk,39-521-8484,Thoughtsphere,43,88,33,$1.00,2/3/2025,84,75
76-459-2392,Palm Oil,91-030-6609,Fivebridge,74,4,67,$1.80,4/13/2024,31,34
10-034-7654,Bread Flour,27-292-4656,Zava,70,96,92,$1.50,10/25/2024,27,58
24-972-6969,Cheese,27-532-7847,Twitterbeat,69,53,32,$9.20,5/28/2024,28,56
94-190-5193,Carrot,95-778-2888,Quinu,67,68,50,$1.50,11/21/2024,67,82
92-791-0606,Short Grain Rice,56-050-1773,Photobean,18,62,2,$3.00,4/28/2024,61,78
84-629-1532,Arabica Coffee,50-378-4320,Chatterpoint,22,89,25,$21.00,11/27/2024,30,62
68-977-2498,Grapes,26-222-1156,Skinix,88,99,41,$5.50,5/20/2024,93,99
91-257-3672,Tilapia,30-438-6295,InnoZ,78,75,3,$7.00,12/18/2024,63,100
09-536-2626,Olive Oil,14-483-5712,Fliptune,83,52,32,$6.00,8/26/2024,47,7
61-801-8665,Robusta Coffee,78-283-9751,Demivee,42,88,17,$10.50,12/6/2024,34,51
38-296-6634,Peas,41-083-3955,Skipfire,49,46,8,$3.00,3/31/2024,82,21
30-591-7275,Brown Rice,12-431-9207,Oyondu,17,88,41,$2.50,2/19/2025,45,29
83-763-5038,Buttermilk,26-438-8349,Jatri,52,64,54,$2.40,9/9/2024,21,55
37-709-3532,Mushrooms,08-439-3820,Demivee,79,45,39,$6.00,11/7/2024,55,20
62-795-7801,Palm Oil,08-312-0872,Buzzshare,35,41,84,$1.80,7/28/2024,62,14
98-575-4736,Cucumber,44-429-6199,Flashset,76,11,15,$1.80,5/25/2024,22,91
57-861-4379,Swiss Cheese,73-383-4390,Feedmix,93,8,51,$8.00,5/15/2024,93,85
00-119-8780,Halibut,14-703-2550,Jaxspan,40,81,78,$20.00,7/16/2024,39,65
28-824-9017,Trout,93-712-3934,Flipbug,19,94,17,$11.50,6/8/2024,96,74
56-668-5370,Vegetable Oil,13-526-1392,Vimbo,70,96,21,$2.00,9/10/2024,100,15
29-756-7042,Digestive Biscuit,20-426-2191,Dabvine,90,52,50,$4.00,4/15/2024,63,14
41-538-3129,Digestive Biscuit,91-589-9007,Devshare,77,79,65,$4.00,3/17/2024,62,75
16-380-0753,Apricot,24-603-5521,Quinu,38,22,71,$5.00,5/16/2024,33,62
26-535-4727,Tilapia,17-939-1338,Jamia,93,25,23,$7.00,8/17/2024,72,83
59-857-6577,Evaporated Milk,57-569-7172,Blognation,23,100,77,$2.00,8/10/2024,63,26
14-550-2152,Green Tea,60-003-2919,Livepath,51,1,61,$7.60,6/18/2024,96,26
39-315-3936,Heavy Cream,99-034-7010,Yata,57,62,72,$4.00,9/25/2024,23,4
87-199-2743,Papaya,54-907-6531,Demivee,59,74,100,$4.50,9/15/2024,63,69
60-771-0879,Blueberries,90-554-0576,Kayveo,89,15,22,$10.00,2/11/2025,79,42
00-440-9568,Blueberries,43-605-2448,Kamba,53,98,25,$10.00,9/4/2024,55,51
07-074-1196,Plum,69-112-6969,Skajo,11,56,62,$3.90,1/10/2025,40,5
69-674-5387,Yogurt,04-313-0298,Miboo,59,27,63,$1.75,6/27/2024,92,82
08-940-8578,Onion,37-686-1726,Oba,34,29,65,$2.00,10/4/2024,90,23
94-020-6982,Tuna,72-649-3163,Thoughtstorm,25,75,27,$18.00,10/5/2024,31,36
42-879-9478,Anchovies,00-900-0119,Zoonder,81,22,20,$10.00,2/23/2025,95,77
00-405-7428,Apple,42-746-2717,Zava,81,74,45,$3.50,1/27/2025,42,23
87-997-0228,Watermelon,55-156-6528,Topicblab,71,4,37,$3.00,10/24/2024,81,25
05-498-7751,Cauliflower,17-963-6051,Abata,52,22,37,$2.50,7/10/2024,56,44
55-631-7937,Greek Yogurt,79-508-5241,Avamba,26,54,90,$3.00,6/19/2024,25,81
27-389-3529,Haddock,73-201-2803,Feedfish,84,8,54,$9.00,4/23/2024,60,38
84-272-0790,Blueberries,00-635-4638,Eidel,28,86,44,$10.00,11/18/2024,48,12
01-903-5373,Strawberries,37-902-0286,Lazz,94,77,89,$6.00,6/20/2024,40,84
49-311-3063,Kiwi,15-947-9718,Talane,47,75,53,$6.00,10/3/2024,70,20
04-277-5245,Coconut Sugar,90-175-7764,Bubblebox,20,51,21,$5.00,7/28/2024,71,26
04-453-5485,Tomato,43-880-2879,Quatz,84,20,58,$2.50,1/10/2025,86,64
42-141-5718,Cheese,67-662-3444,Mydeo,100,31,43,$9.00,1/6/2025,88,52
89-602-6755,Milk,51-054-3811,BlogXS,74,90,26,$1.00,2/7/2025,24,11
15-045-8444,Green Coffee,29-143-2001,Aibox,27,12,93,$12.00,7/12/2024,88,83
15-240-6267,Eggplant,12-983-3026,Mybuzz,91,55,94,$3.00,4/10/2024,42,93
05-193-8096,Grapes,86-709-5618,Rhynoodle,82,21,85,$5.50,3/19/2024,39,18
93-342-8794,Bread Flour,93-688-1260,Realblab,84,91,86,$1.50,12/7/2024,83,95
83-716-2177,Halibut,79-518-8344,Linktype,18,46,26,$20.00,10/10/2024,57,95
56-635-6764,Sourdough Bread,20-257-6927,Avamba,12,59,62,$4.50,1/16/2025,75,92
10-249-7928,Black Rice,69-861-0313,Voomm,85,4,75,$6.50,4/3/2024,95,70
65-759-3721,Butter Biscuit,21-634-5781,Vipe,33,60,67,$6.00,5/24/2024,20,7
08-725-8156,Tilapia,32-196-4714,Flipopia,59,59,10,$7.00,11/10/2024,57,50
15-679-3935,Grapes,35-906-1010,Jabbersphere,22,69,87,$5.50,6/15/2024,34,26
81-578-7404,Gouda Cheese,90-177-6733,Rhyloo,67,79,98,$7.00,8/11/2024,73,36
82-380-5378,Cheese,96-353-3049,Oozz,78,24,31,$9.00,6/3/2024,60,41
78-362-8578,Lemon,57-633-6273,Vimbo,72,32,80,$2.45,11/17/2024,25,9
32-261-0008,Heavy Cream,26-073-5798,Oyoyo,63,48,22,$4.00,2/18/2025,21,90
74-943-9034,White Bread,15-739-5480,Tagfeed,30,91,34,$2.50,11/18/2024,97,88
86-330-0214,Arabica Coffee,87-840-7803,Jayo,36,64,63,$20.00,2/18/2025,91,35
80-334-0215,Grapes,19-156-3869,Camimbo,88,27,92,$5.50,4/30/2024,57,37
48-957-8596,Banana,40-817-2222,Youfeed,95,25,91,$53.82,4/24/2024,87,5
37-246-0018,Broccoli,61-907-0994,Skilith,30,59,76,$4.00,1/14/2025,61,3
17-002-4721,Green Beans,38-310-4533,Omba,31,55,5,$2.00,2/18/2025,71,46
47-802-5023,Cod,51-010-8144,Buzzster,16,20,45,$8.00,10/18/2024,81,62
22-319-1377,White Sugar,82-266-1796,Skyba,14,16,93,$2.00,3/3/2024,39,30
57-903-6434,Tomato,30-460-3122,Shuffledrive,44,67,15,$2.50,3/10/2024,82,51
22-083-3347,Long Grain Rice,01-431-7544,Yodoo,69,82,58,$1.50,4/29/2024,34,22
65-145-9672,Long Grain Rice,65-068-1200,Gigashots,71,10,49,$1.50,3/16/2024,66,43
95-252-9619,Carrot,38-819-2922,Skynoodle,92,39,50,$1.60,12/7/2024,30,41
74-294-3760,Peanut Oil,81-233-6894,Babblestorm,49,17,54,$4.00,11/30/2024,45,96
06-797-4963,Pomegranate,41-821-0197,Innojam,52,8,37,$6.00,8/15/2024,38,81
39-768-8205,Egg (Turkey),07-987-4536,Gigabox,56,97,29,$2.50,7/17/2024,82,100
03-043-9933,Strawberries,48-450-4126,Yombu,16,23,76,$6.10,2/9/2025,50,27
29-823-6004,Zucchini,10-295-7996,Trudeo,52,79,87,$2.50,4/4/2024,36,100
40-462-2952,Trout,57-323-8059,Browsezoom,91,68,80,$11.50,10/14/2024,81,85
71-999-2404,Mango,01-285-0018,Meezzy,58,58,28,$4.70,8/5/2024,85,63
03-919-9890,Halibut,69-289-8783,Wikibox,47,29,70,$20.00,12/7/2024,61,44
94-525-6925,Rye Bread,31-892-6816,Kwilith,50,56,63,$3.00,5/16/2024,70,100
08-213-2058,Sour Cream,13-179-9553,Babblestorm,43,73,14,$4.00,9/7/2024,59,65
51-312-8608,Cheddar Cheese,06-315-0552,Jabbersphere,68,60,21,$8.90,10/2/2024,79,46
67-512-9754,Egg (Turkey),35-941-2585,DabZ,19,100,83,$2.50,7/21/2024,66,28
45-402-0421,Swiss Cheese,87-201-6047,Quinu,70,84,72,$8.00,12/8/2024,71,20
85-207-4164,Eggplant,07-067-3439,Tanoodle,97,20,72,$3.00,2/6/2025,29,59
72-780-6006,Sunflower Oil,81-292-4650,Voolith,87,24,19,$2.50,12/13/2024,83,3
93-166-3169,White Tea,21-156-0102,Viva,58,81,66,$25.00,2/13/2025,85,78
21-718-6746,Coconut,96-012-3393,Eamia,16,53,12,$5.00,1/20/2025,21,29
93-966-7754,Pineapple,78-787-7171,Quinu,65,35,3,$3.50,1/18/2025,25,13
47-663-5703,Basmati Rice,52-062-2916,Kanoodle,15,49,40,$4.50,6/14/2024,68,74
34-110-1040,Bell Pepper,14-427-6604,Leenti,75,85,27,$4.50,6/9/2024,26,68
82-342-7339,Vanilla Biscuit,14-325-9173,Yozio,80,61,23,$5.50,7/31/2024,63,75
43-670-8544,Orange,16-656-4821,Camido,84,95,22,$2.85,5/14/2024,48,82
12-439-8428,Eggplant,43-542-6868,Ainyx,17,3,33,$3.00,9/14/2024,49,17
49-919-8798,Evaporated Milk,82-482-3670,Gigabox,64,31,91,$1.90,8/4/2024,85,42
73-567-6194,Whipped Cream,81-927-7236,Yakitri,76,81,85,$4.00,12/10/2024,65,68
83-573-4586,Sesame Oil,91-191-2324,Thoughtbeat,77,95,82,$6.50,10/19/2024,29,46
12-798-9401,Cream,96-609-6152,Thoughtblab,18,14,77,$2.50,5/12/2024,78,4
02-895-7781,Coconut Sugar,23-109-2205,Tagchat,51,55,76,$5.00,9/26/2024,21,13
83-625-3618,Asparagus,64-528-9996,Realmix,68,12,73,$5.00,1/11/2025,84,95
89-181-4523,Wild Rice,54-749-3622,Devbug,46,6,64,$10.00,6/23/2024,63,29
95-354-8583,Long Grain Rice,02-057-9401,Meevee,98,40,93,$1.50,2/11/2025,30,53
90-303-1821,Onion,96-786-0667,Edgewire,50,20,74,$2.00,8/3/2024,30,57
71-631-5875,Salmon,91-859-1733,Feedfish,88,83,42,$15.00,9/9/2024,61,59
02-275-6061,Potato,21-829-0398,Edgewire,26,16,69,$1.20,3/26/2024,64,79
04-001-1793,Green Coffee,29-359-0109,Oozz,43,38,63,$12.00,2/2/2025,88,65
47-749-3277,Powdered Sugar,96-551-3929,Devbug,46,20,30,$2.50,2/29/2024,54,24
37-666-3902,Cauliflower,58-536-6583,Meevee,19,73,60,$2.45,8/11/2024,70,48
73-942-0508,Kale,37-057-3553,Brightbean,61,100,94,$4.00,1/14/2025,76,2
57-359-3397,Garlic,54-659-1177,Twiyo,43,40,30,$7.00,10/2/2024,95,26
46-436-5351,Green Tea,07-471-0050,Fiveclub,80,54,21,$8.50,9/30/2024,81,37
27-881-1177,Green Tea,64-807-5250,Skalith,34,47,99,$8.00,7/3/2024,97,47
85-237-3505,Green Tea,92-296-1266,Thoughtsphere,88,50,88,$8.00,11/13/2024,78,28
80-371-3695,Cottage Cheese,42-254-7371,Divape,89,42,76,$5.00,11/30/2024,94,81
04-758-0410,Wild Rice,56-231-2524,Wordpedia,26,21,47,$10.00,8/16/2024,40,59
65-644-1394,Pear,23-280-1300,Lazz,26,95,36,$4.50,1/6/2025,92,14
04-293-6969,Peach,69-087-6645,Linktype,37,38,24,$4.00,9/2/2024,93,32
40-997-2786,Yogurt,18-743-4684,Browsecat,76,98,41,$1.75,5/23/2024,62,48
91-553-1774,Feta Cheese,74-943-4552,Demivee,80,43,80,$7.00,9/5/2024,64,53
13-980-8804,Sweet Potato,20-608-1290,Photospace,100,3,32,$2.00,10/1/2024,98,91
19-672-8982,Butter,50-214-3802,Meembee,21,87,67,$3.10,1/23/2025,64,69
35-299-0889,Coconut Oil,16-776-9987,Gevee,33,78,79,$5.00,7/11/2024,60,25
17-022-9721,Apple,59-629-0798,Chatterpoint,43,63,99,$3.50,12/13/2024,39,77
22-849-2551,Mushrooms,14-231-9135,Izio,34,1,79,$6.20,12/20/2024,58,36
53-050-8242,Mackerel,31-163-5871,Yodoo,82,25,94,$7.50,3/16/2024,66,14
88-183-5781,Whole Wheat Bread,49-247-1217,Lazz,17,63,3,$3.50,8/24/2024,93,26
09-101-1740,Sushi Rice,63-836-1262,Talane,36,81,54,$4.75,12/20/2024,73,60
98-445-7372,Cod,71-676-6562,Roombo,65,79,52,$8.00,10/3/2024,56,94
29-875-6900,Papaya,78-098-4468,Avaveo,45,28,6,$4.50,1/23/2025,35,16
27-757-4489,Egg (Goose),04-456-0715,Abatz,35,78,68,$2.50,1/19/2025,95,91
51-069-0489,Bread Flour,19-978-0708,Oloo,96,83,50,$1.50,3/30/2024,81,89
20-325-1965,Coconut,97-155-1262,Katz,56,75,13,$5.00,4/4/2024,42,53
76-090-4411,Ricotta Cheese,82-552-6786,Shufflester,49,94,18,$6.00,8/10/2024,38,11
01-703-8441,Raw Sugar,91-216-7668,Cogilith,100,10,89,$1.50,1/1/2025,76,38
09-622-7119,Haddock,59-781-3399,Youtags,30,81,99,$9.00,1/30/2025,99,3
45-172-7012,Papaya,95-721-9228,Brightbean,20,91,12,$4.50,12/13/2024,35,50
06-849-4869,Sesame Oil,39-464-7300,Rhycero,85,15,16,$6.50,2/19/2025,46,24
30-996-2526,Green Beans,30-942-0054,Izio,86,90,39,$2.10,2/28/2024,98,85
71-074-6292,Sourdough Bread,42-201-4495,Plajo,65,79,49,$4.00,6/10/2024,100,9
98-909-9395,Cottage Cheese,74-119-5491,Feedfire,67,98,92,$5.00,8/31/2024,35,98
61-796-6540,Ricotta Cheese,40-002-8400,Fliptune,88,4,79,$6.00,6/2/2024,23,39
41-735-9837,Robusta Coffee,35-462-7569,Devpulse,14,77,78,$10.00,8/28/2024,32,24
60-343-3288,Tilapia,22-940-6543,Vipe,85,92,66,$6.70,1/1/2025,54,85
27-783-5470,Feta Cheese,45-997-6429,Thoughtstorm,74,65,5,$7.00,7/27/2024,21,42
60-456-8169,Cheddar Cheese,54-529-4459,Oyoba,21,28,72,$9.00,2/28/2024,69,51
99-420-3592,Butter Biscuit,88-647-5082,Quatz,22,24,94,$6.00,7/21/2024,47,71
35-836-6718,Ricotta Cheese,27-838-4345,Thoughtblab,91,14,99,$6.00,1/25/2025,50,5
51-273-4240,Multigrain Bread,32-506-0556,Devpulse,85,57,25,$3.50,9/26/2024,30,42
38-924-3007,Peas,83-936-5065,Photolist,12,28,11,$3.00,1/5/2025,46,88
52-123-8039,Pomegranate,24-087-5935,Browsebug,43,65,66,$6.00,9/3/2024,78,73
34-131-8805,Yogurt,84-472-8001,Eimbee,92,92,28,$1.75,9/10/2024,50,67
28-505-8317,Watermelon,61-755-4469,Digitube,23,85,94,$3.00,7/23/2024,92,72
41-594-5069,Egg (Duck),45-471-5053,Blogtags,77,1,41,$1.00,2/5/2025,58,55
94-658-4945,Sweet Potato,09-153-0763,Skibox,65,10,81,$2.00,2/12/2025,71,61
69-561-2496,Banana,38-790-7081,Skinix,82,29,62,$15.31,3/18/2024,77,27
98-858-6323,Swiss Cheese,79-086-1717,Janyx,20,17,71,$8.00,1/7/2025,50,65
92-995-8689,Cheddar Cheese,18-682-7828,Wordify,31,65,94,$9.00,10/17/2024,63,7
43-164-5984,Butter,10-008-6747,Shuffletag,36,75,35,$2.90,6/17/2024,26,41
58-122-2282,Black Tea,55-773-9118,Ozu,59,20,17,$5.00,6/30/2024,45,15
84-269-9130,Long Grain Rice,88-615-2915,Flashspan,11,10,80,$1.50,9/27/2024,48,65
11-922-3342,Black Coffee,33-523-9077,Gabspot,24,77,32,$15.50,6/10/2024,80,42
60-550-4771,Haddock,24-568-9517,Kwimbee,75,80,87,$9.00,10/3/2024,49,40
88-951-9038,Black Coffee,14-713-5795,Youfeed,11,72,5,$15.00,10/11/2024,89,4
08-114-3922,Anchovies,19-418-7213,Camido,60,64,36,$10.00,2/25/2024,34,48
70-145-2550,Lemon,75-849-4524,Yata,91,6,37,$2.40,8/7/2024,38,70
51-761-6320,Egg (Goose),28-461-1136,Youopia,43,78,85,$2.50,8/30/2024,48,98
55-803-3964,Bread Flour,75-906-1086,Demizz,25,60,36,$1.50,8/26/2024,31,41
11-815-7923,Parmesan Cheese,98-304-8407,Rhyloo,96,9,57,$11.80,6/16/2024,78,67
83-966-3280,Mackerel,50-305-3936,Twitterworks,30,29,70,$7.50,10/13/2024,80,43
29-592-7315,Arborio Rice,61-867-3019,Dabtype,56,4,74,$4.50,7/4/2024,61,73
65-235-7676,Whole Wheat Bread,22-083-3504,Quire,91,71,17,$3.50,8/1/2024,74,57
40-683-0283,White Sugar,27-060-9944,Topicshots,27,64,78,$2.00,5/4/2024,57,4
83-553-9523,Buttermilk,89-976-4338,Zoombox,28,90,70,$2.45,2/14/2025,76,78
40-793-7235,Sour Cream,89-048-3542,Chatterbridge,92,67,51,$4.00,12/9/2024,23,78
74-666-5671,Tuna,58-657-7257,Youspan,37,33,80,$18.00,5/10/2024,27,73
90-865-9150,Powdered Sugar,58-053-4926,Kazu,28,24,97,$2.50,5/12/2024,82,5
46-255-3073,Tilapia,68-230-9130,Vinder,30,42,8,$7.00,1/6/2025,48,23
11-155-7826,Arabica Coffee,91-788-3177,Feedfire,98,83,5,$20.00,1/31/2025,39,79
99-543-5039,Lemon,63-683-7396,Livetube,65,88,20,$2.50,11/20/2024,89,37
99-033-5661,Rice Flour,32-458-6452,Zava,42,3,21,$2.00,1/27/2025,35,22
28-608-0039,Lemon,26-796-0872,Avavee,63,60,54,$2.50,5/21/2024,33,31
35-529-2933,Broccoli,57-591-6452,Jabbersphere,85,54,18,$4.00,10/23/2024,85,44
83-321-7887,Egg (Duck),70-444-9176,Yombu,44,75,72,$1.00,11/29/2024,96,38
43-910-2342,Plum,06-569-4690,Feedspan,26,69,90,$4.00,6/8/2024,47,35
21-633-8696,Coconut Sugar,89-468-2696,Topiclounge,49,59,73,$5.00,4/6/2024,93,45
76-401-7083,Pomegranate,29-156-0691,Meeveo,59,79,87,$6.00,10/3/2024,47,18
92-551-8504,Raw Sugar,22-836-5101,Livepath,19,81,33,$1.50,2/22/2025,39,85
76-264-0748,Eggplant,27-557-2375,Roombo,47,41,63,$3.00,6/1/2024,39,54
88-586-8797,Grapes,02-530-5932,Edgewire,98,62,97,$5.50,8/25/2024,59,19
21-993-5632,Watermelon,26-860-4618,Innotype,51,72,85,$3.00,4/14/2024,23,17
27-681-5588,Anchovies,89-959-2254,Flipopia,100,99,8,$10.00,10/26/2024,54,92
23-265-8144,Yogurt,31-524-1628,Jaxnation,55,50,56,$1.70,11/9/2024,62,26
26-134-9069,Whipped Cream,80-068-0825,Devcast,14,87,8,$4.00,11/11/2024,90,14
76-623-7844,Egg (Quail),84-498-3849,Vinte,29,33,88,$0.80,8/23/2024,50,35
88-977-0175,Chocolate Biscuit,58-087-3463,Yodo,100,1,26,$5.00,3/21/2024,47,79
12-714-5135,Ricotta Cheese,97-055-2756,Janyx,49,28,74,$6.00,1/14/2025,70,38
43-153-8268,Vegetable Oil,19-809-5654,Abata,75,61,19,$2.00,1/29/2025,79,69
95-130-9020,Heavy Cream,75-985-6744,Youbridge,82,12,94,$4.10,6/20/2024,69,93
82-678-8097,Cottage Cheese,65-403-0311,Feedmix,68,82,58,$4.80,8/24/2024,90,2
21-693-8216,Corn Oil,62-599-8388,Twinte,70,96,85,$2.50,9/3/2024,34,3
56-831-6199,Salmon,99-680-2351,Innojam,49,48,62,$15.00,2/25/2024,96,37
81-268-5905,Mackerel,36-138-9045,Kazio,89,26,36,$7.50,7/30/2024,48,94
41-237-5498,Cheese,38-643-1626,Omba,88,53,44,$9.00,12/24/2024,56,14
32-987-5559,Green Tea,01-665-0053,Zoovu,39,88,100,$8.00,1/30/2025,28,18
71-436-5841,Cauliflower,87-546-9674,Dynabox,87,91,94,$2.50,9/25/2024,47,4
63-890-1246,Oatmeal Biscuit,29-273-1595,Vidoo,93,50,43,$5.00,5/16/2024,76,35
65-368-2479,Egg (Turkey),99-570-8162,Browsedrive,23,21,59,$2.40,3/10/2024,81,8
74-562-7431,Vanilla Biscuit,66-174-9633,Linkbridge,94,34,21,$5.50,3/20/2024,74,70
51-583-6029,Digestive Biscuit,78-024-3286,Kanoodle,38,43,91,$4.00,8/18/2024,72,64
06-996-3221,Evaporated Milk,97-821-7402,Buzzshare,11,9,65,$2.00,12/4/2024,48,96
96-334-2593,White Tea,64-831-3071,Rhycero,60,27,58,$25.30,6/27/2024,43,91
58-219-0241,Avocado Oil,42-523-1857,Twitterwire,50,36,81,$10.00,5/12/2024,27,6
87-272-6544,Egg (Goose),93-699-8001,Skalith,90,3,49,$2.50,5/3/2024,51,87
95-357-2870,Arborio Rice,75-365-7696,Talane,86,80,80,$4.50,5/13/2024,22,67
88-401-3700,Cauliflower,39-299-6093,Jabberstorm,86,66,24,$2.50,2/4/2025,30,6
72-404-5581,Almond Flour,18-065-8014,Pixonyx,54,17,90,$9.50,8/7/2024,60,20
11-766-8738,Watermelon,96-393-1428,Jabbersphere,27,64,43,$3.00,11/30/2024,70,58
15-796-3130,Rye Bread,45-912-2948,Kwilith,50,58,78,$3.00,4/17/2024,83,49
73-751-4393,Onion,14-486-5626,Skyndu,68,10,29,$2.00,6/7/2024,37,11
62-100-2245,Sourdough Bread,18-110-8314,Meevee,22,60,73,$4.20,11/8/2024,62,3
08-961-3009,Cheese,41-825-5869,Eimbee,50,14,6,$9.20,12/19/2024,60,72
33-440-2588,Bell Pepper,68-596-5506,Tagpad,26,12,43,$4.40,9/16/2024,73,20
24-009-1208,White Tea,96-405-4286,Aivee,62,31,24,$25.00,6/10/2024,89,100
71-300-2191,Broccoli,98-677-4279,Yamia,79,72,6,$4.00,5/6/2024,67,63
74-430-8245,Peach,51-213-5660,Ainyx,73,90,77,$4.00,8/15/2024,75,19
68-636-4774,Carrot,40-436-0171,Gevee,18,50,77,$1.45,8/30/2024,44,19
38-655-2312,Kale,91-127-7174,Dabshots,79,74,87,$4.00,4/9/2024,80,26
16-632-1308,Arabica Coffee,45-903-0036,Voonyx,23,13,15,$20.00,5/21/2024,31,28
37-606-0510,Milk,09-489-6314,Jabbercube,18,64,86,$1.00,6/9/2024,73,38
36-296-9609,Sunflower Oil,46-041-1131,Photofeed,24,35,14,$2.50,6/24/2024,91,71
22-329-7791,Watermelon,72-013-2438,Eidel,53,41,30,$3.00,1/13/2025,24,77
56-894-3733,Yogurt,57-133-8386,Skinte,85,83,13,$1.75,3/17/2024,49,75
06-858-5680,Sesame Oil,63-231-2829,Miboo,15,34,57,$6.50,1/12/2025,49,96
71-954-4501,Anchovies,26-135-6134,Quatz,66,49,41,$10.00,10/8/2024,27,37
12-046-2988,Corn Oil,37-630-2250,Youbridge,17,63,66,$2.50,1/24/2025,23,46
95-356-1566,Grapes,57-204-2098,Rhynyx,13,61,77,$5.50,2/21/2025,42,18
34-291-4939,Digestive Biscuit,39-284-1614,Eimbee,34,49,27,$4.00,11/24/2024,78,20
35-621-2546,Swiss Cheese,14-190-2260,Skiptube,85,89,41,$8.00,4/7/2024,68,93
21-013-3508,Cabbage,64-489-8494,Meevee,12,95,49,$1.00,6/13/2024,25,23
38-049-9319,Oatmeal Biscuit,90-447-5123,Trunyx,82,6,53,$5.00,4/29/2024,21,58
94-697-2396,Sourdough Bread,34-161-7429,Zoomlounge,71,97,44,$4.00,2/26/2024,58,14
33-807-7247,Mozzarella Cheese,94-453-3755,Blogspan,58,17,26,$7.00,7/7/2024,62,89
62-816-8794,Rice Flour,56-110-5754,Photobug,15,76,81,$2.00,6/17/2024,90,26
33-507-9886,Pineapple,11-445-3951,Quinu,68,25,16,$3.50,8/19/2024,25,83
40-003-7322,White Sugar,41-644-3129,Wordtune,13,32,79,$2.00,2/16/2025,38,61
95-090-2788,Sesame Oil,95-715-6047,Dabtype,45,7,58,$6.50,4/5/2024,86,77
06-503-5891,Egg (Goose),19-098-2529,Babblestorm,40,22,74,$2.45,9/23/2024,76,70
38-555-9147,Black Coffee,35-370-7603,Aimbu,62,23,25,$15.50,4/29/2024,34,68
64-854-8664,Peanut Oil,19-893-7698,Pixoboo,79,3,36,$4.00,1/25/2025,46,29
50-942-2409,Peas,69-472-4067,Meedoo,75,91,68,$3.00,4/23/2024,96,73
17-493-4579,Almond Flour,67-541-7091,Trudoo,76,8,2,$9.50,11/8/2024,24,53
10-854-5467,Canola Oil,40-443-3362,Realcube,96,51,40,$2.30,5/4/2024,61,4
11-604-6002,Canola Oil,50-862-4552,Kimia,69,17,27,$2.30,6/18/2024,79,75
44-305-1866,Butter,25-190-3172,Jayo,48,71,86,$3.00,7/2/2024,95,3
49-730-0159,Cream,62-766-8232,Riffpedia,82,3,82,$2.40,12/10/2024,48,31
70-534-7796,Zucchini,62-044-8874,Babblestorm,43,21,31,$2.50,6/25/2024,22,25
95-738-4658,Green Coffee,67-404-3362,Skyndu,90,68,74,$12.00,11/26/2024,81,26
20-405-4865,Milk,16-019-7101,Centimia,13,39,98,$0.90,11/5/2024,46,46
79-428-8753,Cabbage,29-521-7910,Skivee,62,79,95,$1.00,7/6/2024,34,12
10-626-8536,Coconut Sugar,23-274-3305,Lazz,17,85,74,$5.00,1/29/2025,76,89
27-216-9671,Sesame Oil,40-773-7065,Skilith,100,86,94,$6.50,4/12/2024,77,57
14-489-8669,All-Purpose Flour,28-436-5158,Wikibox,54,69,68,$1.75,11/5/2024,77,56
46-632-8420,Whipped Cream,27-996-8883,Skippad,98,24,4,$4.10,12/21/2024,89,80
39-192-3521,Herbal Tea,74-062-7176,Dynazzy,20,9,12,$30.50,2/22/2025,46,32
94-528-8088,Haddock,68-885-5553,Zoovu,43,7,63,$9.00,7/24/2024,66,71
74-305-1263,Green Coffee,83-076-5024,Photobean,29,91,48,$12.00,7/10/2024,28,40
53-151-5726,Grapes,93-180-4005,Flipopia,37,45,62,$5.50,1/12/2025,34,23
02-085-7218,Cheddar Cheese,41-978-3326,Oyonder,85,28,32,$8.90,6/25/2024,57,41
77-777-4536,Basmati Rice,64-396-5538,Skidoo,26,67,46,$4.40,9/12/2024,54,46
86-482-6451,White Tea,56-965-0404,Brightbean,91,78,61,$25.00,10/27/2024,63,15
36-127-4273,Ricotta Cheese,05-719-6858,Skimia,50,46,38,$6.20,7/3/2024,88,70
03-061-1344,Trout,85-211-5357,Izio,98,65,76,$12.00,7/19/2024,62,47
97-300-7511,Egg (Duck),47-687-2255,Katz,37,53,61,$1.00,7/17/2024,90,89
83-108-1174,White Bread,56-439-3559,Devpoint,78,68,68,$2.50,3/5/2024,89,24
38-664-2155,Cauliflower,10-540-5841,Realpoint,48,27,73,$2.55,4/12/2024,52,97
80-459-5950,Arabica Coffee,04-866-2231,Rhyzio,74,10,74,$20.00,10/2/2024,100,66
93-015-0811,Pineapple,07-055-5188,Gigashots,18,7,58,$3.50,8/5/2024,88,96
02-888-9412,Cauliflower,22-307-4653,Photobug,95,66,69,$2.48,3/28/2024,92,72
10-218-2680,Egg (Turkey),72-024-1595,Quinu,39,93,57,$2.50,5/28/2024,26,44
30-964-2694,Peas,42-976-2737,Edgeclub,48,72,55,$3.00,5/12/2024,51,41
15-144-9413,Strawberries,08-912-0895,Meevee,58,15,87,$5.90,6/30/2024,52,81
17-253-5688,Greek Yogurt,42-638-2086,Shufflester,39,55,39,$3.00,7/7/2024,47,59
31-608-1445,Papaya,75-286-4153,Ntag,84,28,29,$4.40,2/15/2025,54,32
51-934-9117,Sardines,34-389-9922,Linklinks,30,55,4,$6.00,7/28/2024,56,31
72-810-9753,Sesame Oil,17-359-2527,Yotz,14,84,15,$6.50,2/7/2025,51,73
53-146-9979,Powdered Sugar,44-388-2451,Skidoo,21,15,27,$2.50,10/11/2024,37,41
46-622-3434,Jasmine Rice,85-473-1534,Topdrive,17,19,74,$4.75,12/8/2024,58,27
47-843-8207,Cauliflower,55-838-9088,Cogilith,34,92,26,$2.50,4/10/2024,28,71
29-135-0791,Jasmine Rice,05-050-4384,Babblestorm,56,48,82,$4.75,12/21/2024,71,65
45-194-4094,Plum,65-611-4749,Devcast,64,71,69,$3.90,6/14/2024,60,67
09-712-3630,Grapes,17-807-6972,Aibox,87,62,2,$5.50,3/25/2024,22,38
56-213-0577,Papaya,72-306-8602,Kwinu,24,25,52,$4.50,5/23/2024,24,77
78-956-4737,Sushi Rice,76-712-0418,Photobug,47,1,60,$4.20,5/19/2024,32,87
29-436-6570,Digestive Biscuit,12-140-7809,Quatz,61,8,45,$4.00,9/27/2024,73,64
04-038-1547,Rye Bread,61-912-9541,Realblab,48,2,16,$2.80,11/24/2024,27,1
76-476-9996,Chocolate Biscuit,88-428-6227,Photobean,37,96,82,$5.00,1/14/2025,35,23
43-469-7551,Arabica Coffee,64-361-4238,Rhycero,45,36,97,$20.00,5/26/2024,36,6
15-169-8058,Bread Flour,14-009-8505,Feedfire,87,97,28,$1.50,9/23/2024,58,21
37-567-3218,Almond Flour,03-257-4437,Trilia,37,47,34,$9.50,10/31/2024,38,89
92-455-2959,Robusta Coffee,13-109-8639,Katz,59,62,57,$10.30,7/16/2024,90,94
75-672-4378,Pomegranate,20-103-9525,Eare,62,40,86,$6.00,11/16/2024,45,86
66-806-6051,Yogurt,19-875-5642,Devpulse,63,12,82,$1.70,7/1/2024,56,31
65-527-9488,Grapes,23-482-0516,Layo,38,72,39,$5.50,6/24/2024,59,8
36-840-2728,Mackerel,26-454-7297,Dabfeed,76,21,3,$7.50,8/10/2024,31,47
07-389-5740,Egg (Quail),72-784-3292,Skimia,34,94,69,$0.80,3/12/2024,96,30
13-144-2169,Eggplant,11-742-5033,Blogpad,25,62,11,$3.00,12/1/2024,57,98
13-798-3397,Egg (Turkey),89-992-6472,Twimm,86,16,37,$2.50,5/9/2024,34,66
85-806-0613,Oatmeal Biscuit,06-286-2758,Kwimbee,41,21,47,$5.00,1/1/2025,50,99
67-248-6306,Cauliflower,86-173-6891,Avamm,77,54,10,$2.50,10/2/2024,64,73
47-866-6589,Egg (Duck),78-203-1075,Dynazzy,41,61,69,$1.00,2/3/2025,30,100
91-127-7489,Orange,86-079-1525,Oyondu,44,8,52,$2.95,12/10/2024,42,66
90-343-9640,Avocado Oil,54-919-9424,Dabtype,53,89,100,$10.00,4/6/2024,22,83
01-018-6418,Chocolate Biscuit,78-888-6073,Chatterbridge,68,29,100,$5.00,9/27/2024,70,26
80-375-9075,Swiss Cheese,86-487-3354,Centidel,96,34,57,$8.00,10/20/2024,71,17
80-227-6886,Garlic,91-632-7343,Layo,33,4,31,$7.00,1/12/2025,46,92
15-562-3712,Cauliflower,53-243-7800,Yakitri,33,89,15,$2.50,6/20/2024,90,52
10-137-9759,Watermelon,23-688-6256,Trupe,90,17,17,$3.00,9/3/2024,82,84
69-171-1305,Brown Rice,33-733-7313,Livetube,31,29,57,$2.50,6/18/2024,25,22
83-117-7658,Asparagus,61-424-7670,Yabox,92,3,81,$5.00,2/25/2024,62,20
74-642-2435,Cauliflower,52-012-3409,Skinix,66,31,18,$2.50,12/28/2024,85,39
10-445-0741,Anchovies,82-470-7146,Mybuzz,83,17,39,$10.00,7/11/2024,33,20
80-658-6456,Mango,42-080-6579,Wordtune,84,9,46,$5.00,5/19/2024,30,68
81-354-4203,Haddock,15-466-5131,Yabox,76,57,78,$9.00,6/27/2024,52,86
08-573-9997,Pomegranate,95-734-4024,Meevee,26,1,9,$6.00,4/5/2024,82,8
74-610-2295,Green Coffee,22-959-6357,Lajo,61,31,100,$12.50,3/16/2024,95,61
76-070-1411,Evaporated Milk,63-528-0643,Realcube,15,75,78,$1.90,2/12/2025,71,21
61-582-7399,Apricot,15-062-6342,Topiczoom,73,83,74,$5.00,2/5/2025,87,10
42-674-3917,Whole Wheat Flour,26-080-4944,Pixonyx,41,76,47,$2.65,4/20/2024,50,50
05-899-1428,Avocado Oil,17-494-5505,Dabjam,14,75,10,$10.00,1/25/2025,65,62
74-548-9313,Mango,69-832-7009,Meevee,99,59,12,$5.00,9/20/2024,52,57
20-448-2972,Asparagus,26-920-6626,Buzzbean,80,6,92,$5.00,1/20/2025,26,71
63-162-9244,Eggplant,58-945-2944,Vimbo,49,89,65,$3.00,8/11/2024,37,48
91-417-0366,Grapes,28-442-2578,Riffwire,25,74,100,$5.50,12/7/2024,41,59
60-311-5701,Sesame Oil,07-578-7055,Shuffledrive,39,78,97,$6.50,10/19/2024,54,89
36-899-5324,Orange,02-656-3112,Flashdog,94,58,17,$2.90,7/5/2024,57,74
22-266-9291,Sardines,15-550-0171,Vinder,11,17,59,$6.00,3/27/2024,69,100
76-584-4790,Peanut Oil,58-213-1146,Twitterwire,21,52,80,$4.00,11/4/2024,49,37
82-948-2298,Kiwi,53-749-6148,Topdrive,38,91,94,$5.70,2/17/2025,53,87
97-283-4840,Palm Oil,64-604-1679,Browsetype,58,23,66,$1.80,5/12/2024,82,61
17-395-1121,Plum,67-252-3923,Lajo,85,16,74,$3.85,10/8/2024,58,36
74-132-5528,Cauliflower,41-713-1053,Vinder,63,62,98,$2.50,3/21/2024,62,45
52-029-2382,Coconut Oil,16-474-4516,Brightdog,54,86,69,$5.00,8/15/2024,29,8
11-053-0107,Cherry,07-410-2867,Rooxo,30,25,11,$8.00,7/12/2024,42,76
99-194-5600,Cauliflower,70-064-6828,Tanoodle,57,25,98,$2.50,2/25/2024,78,37
48-289-0604,Vegetable Oil,94-261-1193,Browseblab,18,72,71,$2.00,8/12/2024,25,81
73-010-8323,Tuna,80-622-6587,Tagcat,16,34,89,$18.00,2/27/2024,35,52
06-068-6793,Buttermilk,94-958-6101,Twitterbeat,39,80,68,$2.50,8/6/2024,46,54
56-054-8664,Lemon,53-247-1844,Centimia,59,82,69,$2.45,3/25/2024,30,34
36-330-5036,Salmon,52-359-1255,Mycat,79,28,4,$15.00,9/20/2024,42,46
65-674-6076,Egg (Quail),16-933-3355,Ntags,78,61,6,$0.80,10/6/2024,49,60
87-013-6488,Sushi Rice,77-471-0792,Tekfly,22,10,53,$4.25,10/26/2024,64,7
95-449-1286,Egg (Chicken),18-260-7354,Realfire,10,17,70,$0.20,12/23/2024,100,63
95-640-0293,Arborio Rice,43-575-2151,Geba,34,32,22,$4.50,11/2/2024,42,27
08-495-6853,Heavy Cream,07-432-0137,Yadel,74,62,6,$4.00,1/13/2025,65,96
42-495-7698,Sushi Rice,93-625-4768,Latz,10,11,29,$4.30,10/8/2024,29,72
83-727-0814,Basmati Rice,79-656-1990,Yodo,11,87,64,$4.50,6/8/2024,29,6
01-050-2246,Grapes,80-462-5807,Gabspot,99,68,1,$5.50,2/25/2024,59,16
07-858-5487,Swiss Cheese,92-991-6167,Meeveo,64,14,44,$8.00,5/16/2024,53,33
20-283-0111,Pear,60-394-8955,Cogidoo,58,55,5,$4.45,4/17/2024,62,89
87-391-9658,Corn Oil,51-054-1226,Centizu,26,100,13,$2.50,9/18/2024,45,45
44-782-1395,Raw Sugar,54-132-9762,Flipopia,72,72,68,$1.50,6/26/2024,39,78
12-828-1063,Mozzarella Cheese,48-707-5857,Buzzdog,36,82,85,$7.10,3/29/2024,27,67
72-989-2512,Mushrooms,03-117-6217,Yakijo,24,21,4,$6.00,6/27/2024,85,17
53-667-4109,Onion,40-800-4739,Voolith,16,75,42,$2.00,3/21/2024,22,46
93-772-3085,Banana,61-807-0746,Edgetag,39,19,18,$13.99,7/18/2024,58,90
92-652-3737,Zucchini,42-361-6981,Quimm,89,56,74,$2.50,7/30/2024,27,51
74-404-0582,Cherry,31-628-6696,Jabbersphere,57,82,59,$8.00,11/20/2024,44,57
19-244-9890,Herbal Tea,98-107-0604,Wikido,61,22,98,$30.00,10/2/2024,90,11
01-839-6534,Short Grain Rice,51-519-4588,Tanoodle,56,28,76,$3.00,2/4/2025,93,69
58-229-1358,Cream,66-883-2383,Bubblebox,21,24,2,$2.35,9/11/2024,87,36
80-025-6757,Grapes,49-608-3851,Thoughtmix,59,29,100,$5.50,11/29/2024,74,16
35-031-1497,Green Coffee,84-835-1656,Linklinks,20,68,20,$12.00,7/4/2024,38,51
26-629-5920,Rye Bread,19-264-7608,Jetwire,99,6,88,$3.00,7/16/2024,49,9
51-000-8113,Green Tea,56-825-0880,Vidoo,24,27,35,$8.00,1/31/2025,49,58
93-571-7294,Sushi Rice,77-842-0920,Quire,78,94,7,$4.35,11/3/2024,69,40
48-770-6319,Egg (Duck),64-452-2395,Fivebridge,52,31,18,$1.00,11/21/2024,77,16
74-818-3306,Spinach,75-536-2986,Eabox,45,70,98,$2.45,7/27/2024,25,39
15-082-9124,Apricot,02-997-1489,LiveZ,89,35,19,$5.00,10/8/2024,49,55
66-854-5736,Kiwi,98-591-1051,Vitz,63,57,11,$5.80,12/23/2024,20,100
90-128-7973,Black Rice,91-417-6283,Shuffletag,49,3,7,$6.25,10/31/2024,75,46
60-198-7050,Green Tea,27-493-6787,Photobug,26,59,54,$8.00,11/24/2024,92,49
70-206-4860,Egg (Quail),82-527-9395,Meejo,93,68,71,$0.80,3/11/2024,30,37
25-353-2067,Papaya,01-210-3485,Brightbean,81,16,69,$4.30,8/4/2024,23,96
93-218-8108,Heavy Cream,05-966-6460,Talane,74,60,27,$4.00,5/22/2024,99,68
95-262-6208,Black Tea,66-227-1125,Devshare,19,78,90,$5.00,4/15/2024,72,84
02-484-0206,Short Grain Rice,62-011-9357,Quatz,64,97,91,$3.00,8/20/2024,48,100
08-226-5155,Bell Pepper,64-584-7898,Zava,49,93,15,$4.50,5/1/2024,52,31
47-581-0363,Parmesan Cheese,08-359-2568,Tagpad,99,10,88,$12.00,12/5/2024,69,98
04-104-6993,Buttermilk,06-776-1072,Trilia,60,1,42,$2.45,8/27/2024,42,91
45-380-4627,Cabbage,20-201-5639,Zoombox,90,1,40,$0.90,1/11/2025,52,19
41-240-8856,Haddock,28-162-7486,Snaptags,79,53,12,$9.00,5/29/2024,45,95
81-573-0943,Egg (Chicken),07-754-2313,Topiclounge,22,58,2,$0.20,6/28/2024,33,68
67-725-6830,Brown Rice,05-727-0033,Quinu,51,47,6,$2.50,8/11/2024,53,4
55-154-4728,Arabica Coffee,33-466-7894,Yotz,65,63,41,$20.00,1/7/2025,28,26
41-526-4036,Whipped Cream,45-923-7206,Flashset,55,25,87,$4.00,3/2/2024,69,48
86-273-9377,White Rice,38-330-5543,Eimbee,18,86,20,$1.80,12/4/2024,64,34
98-499-2220,Parmesan Cheese,69-666-2257,Skidoo,37,3,45,$12.00,4/22/2024,39,28
50-930-4751,Salmon,40-260-8547,Abata,88,40,29,$15.00,6/24/2024,96,87
88-304-2855,Pineapple,59-570-2020,Brainverse,20,51,33,$3.50,1/24/2025,80,41
69-743-0161,Bread Flour,29-774-6779,Twitterwire,99,54,71,$1.50,8/14/2024,80,10
40-902-1995,Asparagus,86-879-7811,Zoomzone,46,88,20,$4.80,12/8/2024,59,79
50-329-3360,Wild Rice,85-594-2570,Topdrive,19,77,66,$10.00,2/16/2025,62,100
03-441-4252,Yogurt,11-430-6041,Wordpedia,12,83,93,$1.75,6/28/2024,22,9
97-093-4278,Buttermilk,38-200-4863,Twitterlist,69,98,89,$2.55,4/9/2024,29,34
01-820-5784,Egg (Duck),80-567-5598,Skipfire,63,38,77,$1.00,2/12/2025,23,18
31-803-5001,Asparagus,14-414-1945,Voonder,78,16,37,$4.70,12/4/2024,25,96
61-317-9944,White Bread,03-220-5535,Skivee,72,20,71,$2.50,5/17/2024,87,68
56-303-5256,Wild Rice,29-821-5359,Babbleopia,58,24,25,$10.00,11/17/2024,75,26
86-672-4191,Egg (Goose),79-219-8469,Einti,88,22,61,$2.50,9/29/2024,54,100
34-547-0827,White Rice,30-853-8580,Wikibox,54,53,33,$1.80,1/17/2025,94,82
20-387-7746,Powdered Sugar,08-218-9429,Aivee,64,10,100,$2.50,6/5/2024,97,52
50-329-3145,Milk,88-418-3855,Jatri,12,54,48,$1.00,12/20/2024,31,88
02-559-8196,Mango,44-495-6660,Jaxnation,61,14,49,$5.20,12/12/2024,74,35
69-834-2874,Oatmeal Biscuit,51-600-6076,Skajo,28,62,81,$5.00,6/25/2024,28,30
27-474-0056,Spinach,56-969-3705,Feedfish,23,6,40,$2.50,12/19/2024,95,24
66-378-7532,Blueberries,15-365-5585,Flipbug,87,51,67,$10.00,6/5/2024,55,100
28-185-7303,Robusta Coffee,97-143-0641,Yozio,59,31,3,$10.00,1/21/2025,48,51
19-854-3663,Watermelon,72-509-7548,Dabjam,13,88,11,$3.00,5/5/2024,100,52
42-175-1648,Pomegranate,67-272-8844,Browsetype,81,87,15,$6.00,1/25/2025,94,10
56-657-4387,White Bread,78-629-7560,Meevee,61,77,45,$2.50,2/29/2024,51,48
05-720-8792,Carrot,33-265-4588,Linkbridge,80,91,36,$1.50,7/8/2024,81,74
84-151-2114,Brown Rice,79-704-1471,Avamm,39,57,54,$2.50,3/6/2024,77,32
10-378-9729,Cabbage,83-941-9620,Rooxo,69,21,68,$66.55,11/26/2024,36,35
53-930-2215,Egg (Goose),42-210-6541,Gabvine,60,43,32,$2.50,10/4/2024,77,60
02-034-6209,Sour Cream,34-724-1913,Yodel,22,43,3,$4.10,7/26/2024,45,87
28-003-8065,Almond Flour,42-579-7177,Voonte,79,47,51,$9.50,2/16/2025,83,69
19-021-5024,Broccoli,75-369-5047,Rhyzio,47,63,86,$4.00,2/13/2025,76,29
07-846-4804,Jasmine Rice,30-605-2164,Tagcat,20,25,73,$4.75,7/2/2024,78,1
70-542-4269,Gouda Cheese,27-772-7906,Gigazoom,41,22,11,$7.00,4/23/2024,86,30
52-797-6961,Tilapia,75-793-8978,Plajo,46,80,88,$7.00,6/7/2024,62,22
66-327-2821,Palm Oil,82-525-7224,Skipstorm,67,57,36,$1.80,4/10/2024,78,60
12-093-9863,Arborio Rice,21-416-3796,Feednation,51,19,96,$4.50,2/9/2025,73,42
08-396-2704,White Sugar,94-186-9620,Cogibox,42,12,28,$2.00,4/1/2024,80,8
72-970-0239,Sesame Oil,64-752-3122,Divanoodle,85,86,21,$6.50,7/24/2024,78,53
03-940-0630,Sunflower Oil,49-762-8263,Skibox,23,43,75,$2.50,10/31/2024,91,86
67-130-4114,Bell Pepper,53-718-1768,Devcast,84,26,37,$4.50,2/27/2024,46,67
32-270-1385,Greek Yogurt,81-072-8266,Quaxo,28,38,23,$42.58,12/15/2024,48,56
85-510-2915,White Bread,55-134-2668,Mybuzz,62,49,38,$2.50,5/29/2024,42,44
00-842-9790,Egg (Goose),37-079-2530,Oba,65,94,4,$2.50,1/30/2025,66,36
49-377-9731,Lime,56-823-5908,Livefish,18,8,68,$2.00,10/3/2024,54,45
96-682-8546,Egg (Chicken),03-882-3517,Kaymbo,70,29,24,$0.20,10/26/2024,62,55
92-837-8839,Vegetable Oil,95-484-3134,Yoveo,23,71,32,$2.00,1/16/2025,63,23
68-732-5919,Jasmine Rice,07-500-2023,Eimbee,26,83,24,$4.75,10/29/2024,75,12
37-064-7275,Robusta Coffee,63-522-2633,Skiptube,20,42,45,$10.00,6/25/2024,72,28
43-193-9915,Mozzarella Cheese,23-931-2988,Roodel,55,58,6,$7.20,7/12/2024,48,17
45-992-5653,Whole Wheat Flour,22-050-5775,Jaxworks,82,67,67,$2.75,7/7/2024,26,1
45-852-2446,Salmon,37-567-5710,Fanoodle,73,12,28,$15.00,6/8/2024,89,92
57-394-4703,White Tea,52-130-3457,Agivu,81,83,36,$25.00,1/7/2025,74,86
07-679-1199,Onion,75-406-6250,Wikizz,20,65,61,$2.00,7/10/2024,51,78
47-221-3391,Black Coffee,21-450-5520,Digitube,78,38,27,$15.00,7/9/2024,54,42
80-698-0324,Butter Biscuit,98-587-7923,Bluejam,84,58,28,$6.00,2/4/2025,51,12
36-383-3677,Corn Oil,88-020-6814,Centizu,32,38,23,$2.50,5/29/2024,52,11
42-907-6946,Coconut Oil,32-386-9832,Bluejam,90,75,6,$5.00,1/1/2025,55,64
96-209-1739,Evaporated Milk,82-930-7733,Miboo,70,81,75,$2.00,2/27/2024,24,54
36-679-4670,Bell Pepper,60-508-7567,Fatz,90,22,20,$4.50,2/22/2025,81,88
08-637-9335,Lettuce,99-178-0951,Meemm,100,7,14,$2.00,3/6/2024,26,33
56-875-3717,Brown Rice,39-257-6162,Youtags,89,54,15,$2.50,8/1/2024,64,63
86-978-6666,Whole Wheat Flour,43-979-2253,Dabjam,38,43,28,$2.70,7/26/2024,34,54
41-475-5305,Rye Bread,93-900-1170,Kwideo,61,20,29,$3.00,3/13/2024,71,97
25-911-7736,Orange,40-180-0752,Oba,75,48,25,$3.00,8/17/2024,96,65
28-433-8533,Multigrain Bread,81-694-0300,Topicware,87,70,77,$3.20,2/27/2024,73,44
84-624-0201,Bread Flour,25-769-3792,Skaboo,71,77,30,$1.50,11/9/2024,34,57
45-634-0679,Haddock,29-542-9338,Rhybox,98,100,34,$9.00,2/28/2024,53,20
93-014-4256,Green Beans,37-599-8579,BlogXS,19,92,41,$2.00,1/11/2025,51,79
24-989-3302,Coconut,89-159-0852,Eazzy,85,90,16,$5.00,6/3/2024,61,80
46-415-8633,Apple,32-497-0478,Omba,71,36,45,$3.50,11/17/2024,87,2
73-117-6105,Brown Rice,74-729-7466,Skipfire,44,48,77,$2.50,9/17/2024,67,79
53-710-7630,Rice Flour,46-171-9624,Livetube,25,95,71,$2.00,7/9/2024,24,76
10-617-7581,Peanut Oil,86-995-7254,Devpulse,24,14,5,$4.00,3/30/2024,98,9
66-312-5511,Anchovies,99-553-6838,Skipfire,44,97,76,$10.00,4/10/2024,80,33
87-423-8486,Powdered Sugar,12-947-4739,Mybuzz,63,4,46,$2.50,3/21/2024,40,69
64-493-5270,Palm Oil,36-964-9838,Dynabox,69,59,29,$1.80,5/23/2024,63,91
31-255-9616,Tuna,11-031-9939,Centimia,88,71,9,$18.00,12/28/2024,28,14
26-799-3714,Robusta Coffee,50-877-0990,Mymm,74,2,45,$10.00,2/3/2025,37,99
64-119-7804,Bell Pepper,53-497-9614,Jaxbean,98,43,9,$4.50,3/6/2024,86,62
74-181-4135,Egg (Chicken),00-487-2428,Meembee,22,19,4,$0.20,3/17/2024,88,24
34-369-7712,Apricot,95-241-9348,Fivebridge,55,96,40,$5.00,5/11/2024,23,47
31-157-1822,Ricotta Cheese,53-998-1422,Kwideo,96,80,20,$6.10,7/30/2024,94,49
27-459-0724,Feta Cheese,45-331-8563,Quaxo,91,7,64,$7.00,8/12/2024,32,65
47-441-7682,Digestive Biscuit,90-998-1236,Vimbo,40,91,24,$4.00,12/12/2024,28,47
32-676-1026,Salmon,98-155-9583,Buzzshare,52,46,12,$15.00,6/4/2024,43,34
77-959-1018,Lettuce,00-912-3545,Gigabox,22,22,65,$2.00,4/30/2024,62,78
60-911-3745,Black Rice,87-570-0273,Blognation,98,41,98,$6.35,8/31/2024,70,75
57-101-0060,Whole Wheat Flour,40-070-5881,Topicstorm,59,73,86,$2.75,1/1/2025,32,56
54-758-4622,Chocolate Biscuit,94-903-2643,Devcast,99,3,79,$5.00,1/16/2025,65,16
92-152-5820,Black Tea,50-747-2259,Jaloo,18,36,53,$5.30,5/1/2024,65,100
44-637-5512,Watermelon,27-541-2645,Jaxspan,58,12,99,$3.00,1/12/2025,71,30
65-854-9364,Black Rice,64-800-4141,BlogXS,30,34,96,$6.30,12/19/2024,61,13
60-747-8704,Papaya,93-793-4398,Twitterwire,97,97,71,$4.50,9/29/2024,53,31
85-835-3445,Egg (Goose),13-433-4930,Gigashots,50,93,37,$2.45,3/2/2024,78,79
66-716-8221,Cheddar Cheese,67-024-9832,LiveZ,70,96,35,$9.00,6/24/2024,63,84
01-026-2772,Blueberries,20-532-0144,Buzzbean,40,61,47,$10.00,6/11/2024,76,10
21-252-1360,Corn Oil,28-314-1189,Shuffletag,75,23,34,$2.50,9/4/2024,100,54
80-039-1261,Strawberries,37-994-7932,Skimia,26,97,12,$6.00,11/28/2024,94,58
48-427-0551,Arabica Coffee,01-900-4509,Jetpulse,13,55,77,$20.00,12/16/2024,67,68
02-575-1980,Plum,61-100-8296,Yambee,11,58,32,$4.00,7/9/2024,99,94
61-293-6327,Salmon,00-023-7719,Kamba,98,67,49,$15.00,12/29/2024,21,61
08-519-5579,Broccoli,32-178-2765,Abatz,35,4,76,$4.00,8/22/2024,90,30
33-670-6797,Mackerel,74-032-7560,Wikido,45,56,64,$7.50,8/26/2024,35,82
29-741-8132,Kale,49-384-4540,Blogpad,47,22,69,$4.00,7/14/2024,26,59
89-713-6071,Sesame Oil,84-123-7159,Tazz,89,66,28,$6.50,11/19/2024,39,25
00-641-8691,Black Coffee,34-824-0575,Brainverse,33,22,94,$15.00,9/24/2024,96,56
68-977-6854,Apricot,73-830-9633,Blognation,90,30,42,$5.00,7/29/2024,76,69
86-257-4613,Jasmine Rice,70-402-4816,Kwilith,44,26,60,$4.75,8/23/2024,63,59
06-340-6856,Wild Rice,11-005-7835,Podcat,41,56,12,$9.75,11/25/2024,93,88
11-338-4598,Potato,72-360-6358,Centimia,72,58,69,$1.20,2/3/2025,96,23
82-711-0772,Egg (Goose),78-877-1866,Skyble,72,58,52,$2.40,5/16/2024,36,14
05-184-4175,Black Coffee,31-676-5646,Skyndu,40,30,60,$15.00,10/23/2024,33,84
17-274-6898,Whole Wheat Bread,34-738-1209,Photobug,36,53,92,$3.50,6/1/2024,67,43
79-569-8856,Vegetable Oil,04-854-7165,Digitube,51,87,86,$2.00,5/19/2024,24,83
00-534-9775,Black Coffee,79-955-6260,Tagpad,87,91,23,$14.90,5/23/2024,90,75
94-071-2261,Pear,25-706-2146,Roodel,79,37,98,$4.50,3/2/2024,33,20
94-355-3070,Tilapia,73-393-9432,Jabbercube,14,52,80,$6.80,7/13/2024,64,17
17-265-1899,Orange,61-793-0279,Demimbu,81,35,82,$3.00,3/25/2024,86,71
13-888-0149,Lime,09-902-6272,Shufflebeat,75,18,65,$2.00,12/30/2024,32,92
21-890-2826,Gouda Cheese,32-371-1686,Avaveo,48,12,62,$7.00,5/4/2024,59,23
05-425-0746,Onion,23-450-0301,Gabspot,50,68,90,$2.00,5/9/2024,40,13
88-807-8431,Haddock,66-563-9462,Eire,11,87,43,$9.00,6/6/2024,86,91
77-377-1659,Almond Flour,64-674-3902,Thoughtblab,74,22,91,$9.50,1/22/2025,24,12
92-362-3567,Tomato,40-056-7748,Fivebridge,11,10,60,$2.50,5/6/2024,93,53
99-961-0767,Heavy Cream,78-954-5649,Tambee,85,15,30,$4.00,10/25/2024,95,63
94-092-3355,Cauliflower,76-641-2070,Flashspan,57,43,46,$2.50,12/1/2024,87,88
29-344-3658,Lime,33-546-5056,Yata,75,56,57,$1.90,10/25/2024,63,64
60-327-4114,Egg (Turkey),59-968-8346,Katz,63,7,23,$2.35,11/22/2024,78,100
13-409-9040,White Tea,34-303-5097,Jazzy,35,20,42,$25.25,8/5/2024,53,56
75-927-9108,Cabbage,27-406-7972,Topdrive,24,32,17,$1.00,6/17/2024,55,72
30-806-3823,Jasmine Rice,36-451-3173,Topicware,53,26,3,$4.75,7/4/2024,100,94
65-780-5622,Butter Biscuit,69-460-9770,InnoZ,74,81,41,$6.00,5/2/2024,51,67
94-598-3383,Brown Rice,39-488-0039,Viva,79,38,67,$2.50,10/8/2024,43,93
45-250-4679,Bread Flour,80-328-4990,Dazzlesphere,54,78,81,$1.50,11/23/2024,41,63
45-317-9731,Palm Oil,05-779-0378,Wordware,44,83,78,$1.80,1/7/2025,46,4
41-131-3841,Almond Flour,55-269-1746,Camido,77,19,31,$9.50,1/23/2025,27,25
15-905-7750,Apricot,48-176-1622,Skinix,42,61,52,$5.00,1/31/2025,86,99
68-973-8812,Sweet Potato,31-955-7362,Yodo,44,77,45,$2.00,6/22/2024,89,64
49-570-8214,Sour Cream,17-345-5800,Realblab,81,76,10,$4.00,5/27/2024,68,100
57-779-4955,Black Rice,84-869-9980,Zazio,92,48,22,$6.25,12/1/2024,38,61
85-781-5386,Salmon,89-439-6947,Avavee,78,68,86,$15.00,3/20/2024,47,95
72-341-1154,Heavy Cream,84-090-6472,Yodo,85,66,85,$4.20,10/31/2024,65,58
28-986-8001,Pomegranate,37-281-2537,Kwideo,65,69,4,$6.00,6/15/2024,80,26
82-811-7988,Olive Oil,41-772-9238,Realmix,36,3,54,$6.00,6/13/2024,74,8
27-495-1912,Potato,34-667-8907,Thoughtbridge,26,63,88,$1.20,2/29/2024,84,70
44-480-9446,Sunflower Oil,35-000-6015,Aibox,39,13,13,$2.50,2/19/2025,84,93
77-937-1108,White Sugar,41-007-0132,Twimm,39,83,21,$2.00,4/23/2024,73,88
82-538-4809,Cabbage,74-357-2990,Twitternation,83,61,4,$1.00,11/5/2024,35,7
69-895-3397,Cucumber,02-575-2074,Yabox,28,5,9,$1.80,1/16/2025,33,9
44-112-3331,Tuna,90-453-4096,Realmix,85,17,96,$18.00,7/2/2024,92,34
93-682-2069,Lime,60-038-7810,Roomm,76,39,15,$2.00,6/23/2024,77,70
49-199-6836,Tomato,81-999-7392,Thoughtbeat,100,64,62,$2.50,12/30/2024,84,44
47-221-2470,Pomegranate,30-780-7583,Teklist,17,45,44,$6.00,4/3/2024,37,16
71-067-3278,Anchovies,76-797-9430,Twitterbridge,51,35,95,$10.00,5/8/2024,80,89
89-388-3239,Grapes,28-521-7083,Centizu,54,88,43,$5.50,5/24/2024,81,77
10-555-5971,Sourdough Bread,30-410-3509,Gigashots,94,56,80,$4.00,12/2/2024,47,96
82-931-7126,Asparagus,67-596-1997,Vitz,34,95,18,$5.00,10/17/2024,41,26
24-228-6840,Herbal Tea,26-280-5472,Myworks,27,1,3,$30.00,8/9/2024,34,63
52-392-5312,All-Purpose Flour,78-092-4768,Pixonyx,50,42,20,$1.75,2/19/2025,87,59
36-531-4087,Almond Flour,83-172-5527,Skaboo,85,12,94,$9.50,10/25/2024,26,32
39-810-2042,Rice Flour,65-620-9866,Quatz,24,2,49,$2.00,1/25/2025,98,82
55-164-7723,Halibut,85-454-9252,Gevee,82,31,86,$20.00,5/17/2024,66,74
61-680-9496,Apple,75-448-1356,Wikido,17,14,17,$3.50,10/5/2024,36,64
24-143-4957,Canola Oil,29-968-4976,Katz,25,97,63,$2.30,6/22/2024,72,23
26-456-1992,Tilapia,60-159-3514,Geba,56,59,87,$7.00,12/23/2024,65,45
62-998-7250,Evaporated Milk,72-002-3904,Photobug,72,3,10,$2.00,7/31/2024,52,14
38-617-7226,Mushrooms,91-215-9838,Bluezoom,65,42,62,$6.30,6/19/2024,54,2
00-366-9496,Grapes,40-515-1141,Kimia,30,66,28,$5.50,2/8/2025,63,98
76-027-4850,Onion,75-256-5638,Tavu,39,37,48,$2.00,8/26/2024,25,19
27-269-5260,Pineapple,54-724-8610,Rhyloo,14,81,65,$3.50,3/15/2024,74,84
40-126-0515,Carrot,78-379-0369,Gigashots,74,37,57,$1.50,3/4/2024,91,18
31-387-5020,Parmesan Cheese,02-811-7933,Buzzbean,63,41,98,$11.90,12/17/2024,37,7
13-673-7016,Peach,78-726-6352,Youfeed,47,67,57,$4.00,7/22/2024,36,48
85-212-2729,Egg (Turkey),58-226-6435,Browsecat,42,94,79,$2.50,12/21/2024,61,92
99-048-8310,Tomato,70-453-8646,Demimbu,32,49,73,$2.50,4/22/2024,80,36
19-112-1616,Lettuce,55-251-3001,Quamba,88,56,72,$2.00,4/12/2024,25,36
98-546-7398,Yogurt,37-921-2953,Thoughtworks,80,69,71,$1.75,5/3/2024,41,43
63-874-9747,Orange,22-506-4911,Oloo,36,59,90,$3.00,12/9/2024,25,60
58-946-5152,Bread Flour,42-201-4328,Avaveo,11,77,7,$1.50,11/5/2024,77,46
65-867-4029,Peach,70-591-9841,Livepath,40,83,50,$4.00,9/3/2024,92,50
89-328-9019,Bread Flour,63-057-0462,Jazzy,63,43,8,$1.50,4/20/2024,55,72
02-170-5225,Raw Sugar,90-940-9550,Eabox,90,75,43,$1.50,9/18/2024,80,57
24-478-8277,Multigrain Bread,64-070-7611,Bubblebox,47,26,40,$3.25,1/12/2025,30,72
91-290-9062,Digestive Biscuit,95-609-1485,Zoonder,29,2,84,$4.00,4/19/2024,80,85
44-546-5713,Peach,61-382-5182,Blogpad,94,69,68,$4.00,1/16/2025,24,20
20-031-0532,Mango,35-835-8848,Oyoloo,32,63,92,$4.90,7/25/2024,84,34
48-242-8445,Plum,84-941-3034,Mybuzz,40,3,5,$4.00,6/15/2024,45,69
33-378-1365,Egg (Goose),31-483-9201,Tagchat,50,66,1,$2.50,12/7/2024,76,73
57-763-5501,Cod,25-790-1641,Kwimbee,72,29,10,$8.00,4/7/2024,54,38
71-015-9181,Pomegranate,56-196-9896,Tagopia,22,35,55,$6.00,8/27/2024,41,27
14-115-8371,Chocolate Biscuit,80-833-3051,Yakitri,23,76,70,$5.00,9/19/2024,97,38
83-568-3475,Halibut,10-950-0546,Camimbo,35,72,70,$20.00,4/4/2024,74,15
79-884-8810,Cucumber,14-108-0409,Dabtype,12,93,29,$1.75,12/6/2024,45,12
50-772-2613,Cheddar Cheese,74-619-4608,Roomm,86,23,1,$9.00,5/19/2024,100,86
19-377-5021,Mackerel,34-014-5873,Skynoodle,91,96,90,$7.50,8/11/2024,90,75
39-913-2999,Evaporated Milk,74-119-8973,Centimia,23,99,97,$2.00,4/6/2024,68,76
46-911-1159,Onion,30-820-2883,Voolia,98,40,100,$2.00,10/30/2024,46,9
40-630-1431,Cherry,61-040-9004,Voomm,29,66,21,$8.00,7/11/2024,74,93
15-797-4824,Coconut,46-830-4835,Mudo,32,27,26,$5.00,11/20/2024,38,79
37-248-6266,Pear,75-553-7424,Youspan,84,74,48,$4.50,10/17/2024,64,32
22-760-4605,Yogurt,01-495-9336,Bubblemix,86,20,67,$1.75,7/7/2024,83,82
80-020-8041,Black Rice,66-684-1941,Wordware,11,58,26,$6.20,12/3/2024,49,34
44-634-8292,Whole Wheat Flour,48-557-5036,Quatz,60,69,64,$2.75,3/9/2024,51,6
19-610-2236,Whole Wheat Bread,53-799-3174,Mybuzz,58,48,9,$3.50,8/3/2024,98,69
49-579-4325,Ricotta Cheese,98-558-5813,Eadel,64,95,62,$6.00,8/22/2024,55,1
42-134-9798,Canola Oil,16-869-7328,Omba,19,80,87,$2.30,10/23/2024,33,38
84-546-7624,Cherry,34-730-9079,Gigazoom,43,41,100,$8.00,4/8/2024,27,78
11-891-8213,Peanut Oil,25-741-5987,Tagopia,38,62,47,$4.00,12/12/2024,41,34
03-597-9488,Buttermilk,03-983-0515,Wordpedia,70,66,74,$2.50,7/11/2024,47,77
89-624-7462,Asparagus,39-506-2186,Jaxspan,18,3,39,$5.00,2/16/2025,58,61
89-335-0155,Brown Rice,83-780-4531,Fivebridge,46,81,47,$2.50,9/11/2024,48,48
59-725-4038,Arabica Coffee,39-055-1703,Zoozzy,78,34,39,$20.50,8/26/2024,62,2
78-953-2073,Canola Oil,28-465-9141,Tagopia,53,20,75,$2.30,10/1/2024,83,77
91-426-3204,Haddock,86-184-4829,Geba,67,71,4,$9.00,4/14/2024,76,34
40-913-9772,Egg (Chicken),51-215-2283,Einti,36,30,44,$0.20,3/3/2024,68,88
89-922-4773,Whole Wheat Flour,99-455-0707,Mudo,39,53,64,$2.75,7/2/2024,92,8
17-236-0566,Sweet Potato,32-402-9679,Einti,95,87,13,$2.00,3/2/2024,61,4
74-234-0628,Almond Flour,49-559-7092,Shuffledrive,12,56,92,$9.50,12/15/2024,56,6
80-441-7249,Wild Rice,35-979-6839,Yoveo,98,30,39,$10.00,4/14/2024,31,26
54-708-7327,Jasmine Rice,46-316-6919,Linktype,50,14,99,$4.75,3/28/2024,52,75
15-846-7959,Zucchini,47-026-0505,Vidoo,98,14,11,$2.50,12/1/2024,48,38
44-368-7112,Corn Oil,85-978-7855,Devbug,28,32,71,$2.50,5/2/2024,32,49
03-833-3577,Cucumber,87-032-6971,Kanoodle,67,14,25,$1.80,8/20/2024,81,77
47-548-6500,Onion,27-061-4764,Devpulse,20,93,37,$2.00,3/7/2024,23,2
12-342-4482,Trout,71-300-8176,Topicblab,67,83,90,$11.60,9/30/2024,66,77
07-834-3320,Egg (Quail),47-831-9154,Trunyx,94,60,78,$0.80,3/7/2024,100,42
16-187-5729,Black Tea,79-366-7207,Zoombeat,45,58,84,$5.00,3/21/2024,90,67
64-109-7362,Anchovies,38-603-6412,Voolia,86,55,96,$10.00,7/9/2024,37,53
06-655-5498,Wild Rice,89-574-3430,Kayveo,72,82,52,$9.75,7/9/2024,51,95
24-975-4231,Green Beans,99-145-4924,Jayo,31,61,28,$2.10,7/9/2024,55,70
98-652-9569,Butter Biscuit,65-160-1426,Ooba,12,7,23,$6.00,2/17/2025,72,16
25-522-6043,Gouda Cheese,29-122-7037,Kazu,71,93,75,$7.00,8/19/2024,77,58
28-275-5901,Anchovies,44-760-4337,Jatri,64,1,92,$10.00,4/23/2024,49,15
96-164-0607,Coconut Oil,15-655-3923,Browsezoom,89,79,66,$5.00,12/20/2024,91,31
93-815-0565,Sesame Oil,56-422-1480,Jaxworks,50,36,96,$6.50,8/12/2024,53,73
63-918-8253,Mango,94-157-1762,Devpulse,53,98,23,$5.00,7/4/2024,41,84
57-167-0669,Haddock,30-934-3251,Rhybox,19,99,78,$9.00,2/17/2025,29,54
52-402-9245,Broccoli,37-519-7762,Plajo,89,40,64,$4.00,2/12/2025,93,48
17-647-0503,Cod,69-416-9493,Katz,96,12,8,$8.00,5/24/2024,97,92
67-984-5368,Parmesan Cheese,39-714-7313,Yakidoo,52,56,34,$12.00,10/4/2024,31,69
77-827-0820,Sesame Oil,46-590-7639,Youopia,97,20,8,$6.50,11/6/2024,51,51
27-387-0428,Halibut,62-312-2748,Camido,88,42,68,$20.00,11/29/2024,92,29
79-350-5841,Jasmine Rice,81-676-3345,Gabvine,33,44,89,$4.75,9/5/2024,93,19
44-128-2185,Jasmine Rice,79-091-7381,Katz,98,20,81,$4.75,7/10/2024,51,23
48-789-9187,Peach,95-944-5323,Browsetype,45,79,95,$4.00,6/26/2024,84,62
21-809-7115,White Rice,57-774-4116,Tagcat,80,86,50,$1.80,7/22/2024,46,69
19-323-0506,Halibut,28-977-3789,Skidoo,68,43,96,$20.00,4/28/2024,75,35
04-637-8815,Apricot,60-959-6355,Zoonder,90,91,62,$5.00,11/27/2024,34,72
60-644-6596,Trout,32-745-8366,Rhynoodle,89,67,89,$12.00,1/5/2025,96,42
58-005-5343,Cucumber,83-401-2709,Youbridge,38,94,87,$1.80,5/3/2024,89,100
67-382-4435,Green Beans,49-901-0828,Fivespan,99,37,74,$2.10,12/21/2024,46,46
09-335-7793,Powdered Sugar,96-918-7047,Topicshots,66,19,20,$2.40,9/7/2024,30,49
46-496-2930,Pomegranate,29-295-9755,Eare,66,28,7,$6.00,10/26/2024,85,6
35-353-4068,Bread Flour,44-199-6832,Jetpulse,64,11,97,$1.50,12/18/2024,33,83
45-050-4720,Black Rice,98-791-5014,Voonder,18,78,43,$6.00,7/5/2024,85,97
87-104-0187,Whole Wheat Flour,41-881-1166,Rhyloo,86,100,78,$2.75,5/28/2024,52,91
85-806-8672,Black Tea,44-646-7502,Kare,35,88,87,$4.70,10/12/2024,39,62
54-281-3746,Green Beans,08-824-4585,Viva,26,70,52,$2.00,3/10/2024,36,10
35-257-9312,Parmesan Cheese,35-927-4986,Photospace,80,100,48,$12.00,10/12/2024,100,28
63-897-8088,Zucchini,82-313-4469,Skibox,63,56,33,$2.50,6/7/2024,35,16
24-986-5091,Vanilla Biscuit,51-076-1164,Ozu,89,22,23,$5.50,6/25/2024,83,25
17-504-3699,Sweet Potato,81-276-8218,Jaxworks,80,60,71,$2.00,6/15/2024,98,13
23-395-3157,Vegetable Oil,48-538-8538,Tagtune,41,66,50,$2.00,7/30/2024,55,74
28-107-4953,Chocolate Biscuit,01-165-8830,Babbleblab,53,19,94,$5.00,11/12/2024,82,56
46-083-7058,Haddock,26-730-0925,Devshare,61,91,40,$9.00,8/27/2024,34,76
68-436-1268,Egg (Duck),10-694-6636,Aivee,70,92,74,$1.00,8/17/2024,95,26
93-198-5984,Mango,86-441-7850,Skalith,73,69,1,$5.00,5/14/2024,50,67
24-571-1080,Kale,07-520-1107,Devshare,60,15,89,$4.00,2/21/2025,21,29
73-874-7534,Pomegranate,12-566-2563,Twitterwire,88,24,44,$6.00,11/8/2024,72,88
07-337-9889,Cauliflower,84-949-8378,Twitterwire,95,6,59,$2.50,8/15/2024,49,77
28-197-9246,Powdered Sugar,31-281-2352,Riffwire,47,30,16,$2.50,7/11/2024,22,81
83-400-9746,Mozzarella Cheese,02-510-0629,Eidel,24,1,65,$7.00,7/12/2024,58,61
24-579-6500,Anchovies,60-309-5783,Zoovu,93,51,70,$10.00,6/12/2024,81,18
64-418-8356,Sunflower Oil,91-451-2016,Ooba,80,24,60,$2.50,11/13/2024,98,38
15-884-7413,Apple,39-412-7454,Geba,77,58,13,$3.50,5/23/2024,63,28
79-494-2472,Green Beans,04-391-8892,Kanoodle,42,48,18,$2.00,4/19/2024,39,57
36-177-0573,Egg (Turkey),62-687-0951,Oyondu,92,1,23,$2.50,10/2/2024,78,36
79-920-2395,Mushrooms,70-825-7341,Chatterpoint,81,23,17,$6.25,5/8/2024,92,78
96-961-2193,Jasmine Rice,71-467-4910,Babbleset,46,39,11,$4.75,8/16/2024,36,54
69-578-7930,Brown Rice,37-728-5274,Flipbug,44,67,31,$2.50,3/18/2024,44,72
40-205-8252,Multigrain Bread,68-493-0378,Innojam,38,37,27,$3.50,10/5/2024,45,88
18-107-7886,Evaporated Milk,11-466-3182,Demivee,64,28,35,$2.00,11/7/2024,74,50
35-328-8392,Long Grain Rice,52-340-4509,Ainyx,39,2,71,$1.45,3/18/2024,20,70
21-650-9319,White Bread,73-445-3017,Jazzy,42,88,95,$2.50,1/28/2025,67,94
99-894-4351,White Sugar,45-602-6533,Devpoint,29,54,54,$2.00,2/24/2025,58,63
63-168-6018,Cucumber,01-853-2191,Bubblemix,60,63,81,$1.80,10/3/2024,74,31
26-000-1012,Parmesan Cheese,60-284-1974,Quatz,65,54,29,$12.00,11/29/2024,69,79
13-900-9016,Bell Pepper,63-969-9608,Meetz,89,96,94,$4.50,1/6/2025,38,96
88-408-0310,Corn Oil,91-002-3027,Flipopia,50,40,69,$2.50,3/31/2024,28,98
73-997-6251,Bell Pepper,17-167-4304,Livetube,94,18,84,$4.50,10/15/2024,44,49
50-679-2072,Canola Oil,81-588-5701,Thoughtmix,97,32,43,$2.30,5/3/2024,82,98
89-673-1543,Digestive Biscuit,43-679-7350,Lajo,72,78,1,$4.00,3/28/2024,85,30
56-937-8675,Cream,37-996-3243,Trilith,62,91,14,$2.50,5/31/2024,41,77
14-836-2894,Apple,82-157-4299,Jabbersphere,44,92,92,$3.50,1/11/2025,41,61
87-903-3486,Peanut Oil,90-378-8463,Twitterbeat,21,25,39,$4.00,9/10/2024,79,30
07-617-6934,Coconut Sugar,48-700-8059,Feedfire,91,39,48,$5.00,12/21/2024,48,18
31-403-6234,Tuna,00-258-2525,Thoughtbeat,87,24,66,$18.00,11/24/2024,22,34
29-092-3453,Spinach,41-867-9911,Youbridge,61,17,69,$2.52,5/7/2024,31,29
34-709-9237,Carrot,66-680-8738,Gigaclub,61,81,99,$1.50,3/13/2024,26,76
13-962-6263,Sweet Potato,26-061-5253,Trupe,49,1,28,$2.00,12/23/2024,97,95
06-731-2162,Lemon,17-546-8875,Meejo,87,1,98,$2.50,10/7/2024,61,84
10-768-2443,Multigrain Bread,44-451-2764,Katz,93,55,95,$3.25,3/5/2024,56,72
36-372-2295,Basmati Rice,85-823-7428,Skimia,55,13,71,$4.45,10/22/2024,37,4
34-538-1180,Sour Cream,40-907-4937,Voonder,29,39,80,$4.00,11/3/2024,23,85
98-148-0940,Egg (Chicken),06-175-9657,Babblestorm,63,62,18,$0.20,4/2/2024,67,17
38-390-2115,Potato,12-433-6490,Rhyzio,42,69,54,$1.20,3/6/2024,43,96
02-974-8526,Onion,09-387-1119,Mudo,74,4,39,$2.00,4/5/2024,97,24
29-377-7040,Short Grain Rice,59-979-6740,Brightdog,22,77,15,$3.00,5/29/2024,68,46
84-327-7787,Egg (Chicken),97-571-0561,Bubblemix,83,35,43,$0.20,8/26/2024,94,68
82-231-4245,Wild Rice,96-177-4040,Kayveo,32,91,80,$10.00,8/28/2024,69,80
70-005-5970,Apple,18-490-4140,Skaboo,84,46,80,$3.50,10/2/2024,66,84
63-936-0145,Plum,69-415-3675,Thoughtbeat,22,56,72,$4.00,6/8/2024,70,39
08-196-2703,Peas,34-315-1199,Youbridge,100,52,2,$3.00,11/29/2024,86,70
22-778-3553,Cheddar Cheese,49-590-1752,Quaxo,36,77,49,$9.00,10/24/2024,30,84
37-610-1999,Halibut,19-985-9694,Wikizz,14,67,65,$20.00,10/19/2024,71,94
09-618-2842,White Sugar,68-415-1025,Yambee,38,82,17,$2.00,3/21/2024,52,47
28-968-4195,Eggplant,17-562-1176,Blogtag,97,52,80,$3.00,7/17/2024,22,90
55-680-0982,Green Tea,57-412-5368,Jetpulse,64,66,28,$8.00,1/14/2025,25,52
43-851-9440,Lime,67-674-0287,Camido,14,75,19,$1.90,5/11/2024,100,84
14-331-3739,Avocado Oil,87-159-6467,Voolith,24,89,27,$10.00,10/15/2024,99,1
54-830-6971,Tilapia,94-006-6480,Dynava,100,61,21,$7.00,12/25/2024,85,79
53-008-2419,Jasmine Rice,86-841-6074,Skyba,62,36,96,$4.75,4/10/2024,31,25
39-358-3340,Basmati Rice,86-841-4440,Yamia,71,60,62,$4.50,3/25/2024,60,63
28-146-2641,Parmesan Cheese,82-995-0739,BlogXS,38,67,66,$12.00,12/21/2024,35,24
83-556-0996,Powdered Sugar,81-234-0741,Jabberstorm,88,34,94,$2.40,2/20/2025,95,63
53-805-9523,Sourdough Bread,99-864-0256,Rhyloo,40,30,65,$4.50,3/19/2024,54,29
82-977-7752,Spinach,57-473-8672,Shuffledrive,88,78,17,$2.50,12/28/2024,58,21
62-393-9939,Cheddar Cheese,93-877-9384,Gabcube,60,9,89,$9.00,6/2/2024,95,63
31-745-6850,Cabbage,96-215-2767,Lajo,94,90,12,$0.90,10/24/2024,98,71
86-692-2312,Avocado Oil,77-783-4107,Dazzlesphere,30,48,52,$10.00,12/7/2024,22,78
28-044-4102,Papaya,93-358-1118,Yakijo,19,28,83,$4.50,3/1/2024,91,73